group,names,scores,logfoldchanges,pvals,pvals_adj
0,TEX41,65.56687,4.078043,0.0,0.0
0,AC078923.1,58.006268,3.5060542,0.0,0.0
0,BRD9,56.040882,2.6716425,0.0,0.0
0,NAV3,55.747063,2.2760406,0.0,0.0
0,AL110292.1,54.315357,2.6330872,0.0,0.0
0,MDM2,53.61709,2.0957978,0.0,0.0
0,LRRTM4,49.76242,1.947771,0.0,0.0
0,KCNC2,41.24902,2.358388,0.0,0.0
0,DGKB,39.20553,1.7182434,0.0,0.0
0,LINC02408,36.906338,2.6545837,3.6567822331519523e-298,6.853825677769299e-295
0,TERT,36.700134,2.182738,7.2670953604181985e-295,1.2903684009180464e-291
0,CSMD3,36.100784,1.599651,2.204695665031147e-285,3.718990882557791e-282
0,ZFPM2,35.904152,1.345005,2.6313559675053202e-282,4.2273360131298556e-279
0,TSPAN31,35.585068,1.4179418,2.384528870062003e-277,3.4976891517079036e-274
0,MDGA2,35.206383,1.4457988,1.5967970538611362e-271,2.1548456882445262e-268
0,AC004852.2,34.64475,1.9871604,5.3589059909013854e-263,6.953592746732308e-260
0,TSFM,33.5581,1.3579544,6.858725320732198e-247,8.264029148055079e-244
0,ERBB3,33.392555,2.4114718,1.7583328408182143e-244,2.0455474155408307e-241
0,AGMO,33.13703,1.9561484,8.708035543518685e-241,9.180718597865309e-238
0,NTM,33.036213,1.2446063,2.4544120938505413e-239,2.5092272972798703e-236
0,KCND2,32.38299,1.5870202,4.764204049268717e-230,4.592284343147963e-227
0,SNHG14,31.351295,0.87188643,9.341430178533492e-216,8.080816152132933e-213
0,LHFPL3,31.173744,1.1457373,2.4183595576444748e-213,2.0397049099062917e-210
0,DGKI,29.004435,1.2509208,5.7847288026020365e-185,3.4849892073818735e-182
0,IMMP2L,28.764671,0.75584,5.9368479681442636e-182,3.3947701678183555e-179
0,BBS10,28.509712,2.7604895,8.878485015239698e-179,4.9922241493190276e-176
0,CADM2,28.130142,0.7893947,4.193229046170981e-174,2.176414897394929e-171
0,LRP1B,27.698093,0.73498327,7.361307089596562e-169,3.54783453259599e-166
0,DLGAP1,27.617785,1.0009953,6.805331694254807e-168,3.188770491237144e-165
0,EEF1AKMT3,27.518879,1.3842068,1.0437510532475667e-166,4.758517470731508e-164
0,PPP1R9A,27.327705,0.9850769,1.9880731563279342e-164,8.825213694083623e-162
0,AC107032.2,27.245045,2.616615,1.9024618486864276e-163,8.22863530629923e-161
0,BMPER,26.902187,1.429816,2.0705621676867337e-159,8.731819481405916e-157
0,VWC2,26.781979,1.9744246,5.2400487316017726e-158,2.182512642691963e-155
0,NXPH1,26.491526,1.1728419,1.2136144271176556e-154,4.9329770997190775e-152
0,NRXN3,26.461077,1.1099819,2.7207895807246874e-154,1.0927533105346284e-151
0,DCLK2,26.410736,0.9312843,1.0315199823810419e-153,4.012876982344575e-151
0,CSMD1,26.410616,1.1112682,1.0348291118474613e-153,4.012876982344575e-151
0,HS6ST3,25.334408,1.962352,1.33492476572609e-141,4.595546614418479e-139
0,ATP10B,25.267323,1.4222302,7.30715027826752e-141,2.4652132893791126e-138
0,ADCY8,25.2113,1.7119787,3.011484852050697e-140,9.960633769964154e-138
0,MARCH9,25.17385,1.0625073,7.747837697036845e-140,2.513353849855116e-137
0,SNTG1,24.849648,0.90218437,2.6086451062502286e-136,8.225033640146164e-134
0,AHR,24.77925,1.3836492,1.5007721833723274e-135,4.6881065880029826e-133
0,CALD1,24.671259,0.91913885,2.1767410222279798e-134,6.615919988009493e-132
0,AC106799.2,24.303066,2.0469265,1.8193327111164587e-130,5.114902306244662e-128
0,ADGRL3,24.19394,0.6964272,2.576813522711764e-129,7.010803049655385e-127
0,ZDHHC11,24.150248,1.5867267,7.421897383140699e-129,2.003140416120142e-126
0,PCDH7,24.11497,1.0997006,1.7413953302561886e-128,4.662655099750241e-126
0,EEPD1,23.460033,1.3045993,1.044261870467153e-121,2.590460494408114e-119
1,BRD9,104.31497,6.836712,0.0,0.0
1,TERT,89.42929,5.6164565,0.0,0.0
1,SLC6A18,82.94783,6.811363,0.0,0.0
1,SLC12A7,82.10505,5.2179236,0.0,0.0
1,MDM2,73.88865,2.9022894,0.0,0.0
1,ZDHHC11,72.91915,4.1348686,0.0,0.0
1,KCNC2,72.13757,4.3244295,0.0,0.0
1,AC106799.2,69.04008,5.1642885,0.0,0.0
1,RAP1B,67.11611,3.1263614,0.0,0.0
1,NAV3,64.636086,2.7009578,0.0,0.0
1,MDGA2,63.00193,2.5936434,0.0,0.0
1,TRIP13,62.609173,4.0812426,0.0,0.0
1,LINC01098,58.032616,5.0806336,0.0,0.0
1,CHRM3,56.096157,2.9592907,0.0,0.0
1,AC122719.1,55.920235,6.5383577,0.0,0.0
1,NRXN3,54.920418,2.3841958,0.0,0.0
1,LRRTM4,54.484737,2.1813693,0.0,0.0
1,LRP1B,52.868614,1.4999857,0.0,0.0
1,AC073365.1,52.567364,2.432144,0.0,0.0
1,SGCZ,51.7993,3.147087,0.0,0.0
1,NTM,50.483704,1.9025362,0.0,0.0
1,SNTG1,50.454613,1.8396264,0.0,0.0
1,SEMA5A,50.178757,1.9786615,0.0,0.0
1,AC004852.2,49.852943,2.5712755,0.0,0.0
1,TMEM132B,47.82769,1.9785374,0.0,0.0
1,FRMD5,47.001175,1.8653575,0.0,0.0
1,EPHB1,46.9847,2.0105464,0.0,0.0
1,CSMD3,46.93692,1.986742,0.0,0.0
1,DLGAP1,46.87982,1.8220512,0.0,0.0
1,SCD5,46.156197,1.5913402,0.0,0.0
1,SHISA6,45.57669,2.7112694,0.0,0.0
1,AC092691.1,44.640465,1.6772158,0.0,0.0
1,ZNF385D,44.156376,2.068882,0.0,0.0
1,LINC01524,43.77439,4.958606,0.0,0.0
1,LINC02408,43.557438,3.0001478,0.0,0.0
1,IL1RAPL1,43.375435,1.6934949,0.0,0.0
1,PTPRM,43.06164,1.8547056,0.0,0.0
1,NXPH1,42.744854,1.7033045,0.0,0.0
1,LSAMP,42.603447,1.0777655,0.0,0.0
1,TRIM9,42.580765,1.5552962,0.0,0.0
1,KCNQ5,42.33704,1.9249021,0.0,0.0
1,LINC00645,42.032726,3.1369197,0.0,0.0
1,SLC44A5,41.811756,1.8545079,0.0,0.0
1,CTNND2,41.785286,1.2166382,0.0,0.0
1,AKAP6,41.604748,1.4049418,0.0,0.0
1,TNIK,41.3832,1.4736937,0.0,0.0
1,ASTN2,41.3364,1.4879934,0.0,0.0
1,NCAM2,41.1761,1.428216,0.0,0.0
1,CDH13,40.886845,1.9394044,0.0,0.0
1,PID1,40.573883,1.8887752,0.0,0.0
2,PLP1,59.999634,3.417009,0.0,0.0
2,MDM2,57.906017,2.3152215,0.0,0.0
2,BRD9,45.51323,2.6889226,0.0,0.0
2,SLC35E3,41.60407,2.0385504,0.0,0.0
2,MT-CO1,40.045895,1.0756624,0.0,0.0
2,MT-CO3,33.895622,0.8543667,7.728233160358969e-252,4.232587696932314e-250
2,FTL,33.825394,2.3150098,8.350565145808874e-251,4.500367672909808e-249
2,FTH1,30.044151,2.1139934,2.603210735980307e-198,7.643561409901447e-197
2,MT-CO2,29.684254,0.72124565,1.2261934296581475e-193,3.4675681254297504e-192
2,MT-ATP6,28.062563,0.6889508,2.806622514075144e-173,6.367654590272573e-172
2,RAP1B,26.978497,1.5899348,2.6426211715160632e-160,5.303635363678608e-159
2,ACTB,26.28593,1.2936909,2.7776032695528025e-152,5.1743788793430654e-151
2,NOVA1,25.054476,0.53381133,1.5604042746080602e-138,2.540702655041126e-137
2,MALAT1,22.431097,0.23785965,1.957481810308812e-111,2.4783223082958455e-110
2,EEF1A1,21.102253,1.409938,7.583524613102382e-99,8.511156682376416e-98
2,TMEM19,20.302982,2.3024125,1.2101165655730628e-91,1.2726216512699006e-90
2,THAP2,19.530201,2.3667896,6.079887689077576e-85,6.002843750846069e-84
2,NXPH1,18.73645,1.2484838,2.497473487020544e-78,2.3198585636457068e-77
2,SPP1,17.901548,1.2266228,1.14686530693831e-71,9.951593328235024e-71
2,CPM,17.596779,1.5292228,2.607405975133518e-69,2.2052157278285158e-68
2,ZFC3H1,17.4173,1.529045,6.098853277128672e-68,5.0879577895769035e-67
2,PTPRZ1,17.172337,0.27345172,4.278488636403706e-66,3.487397224603813e-65
2,MT-ND4,16.912142,0.4416274,3.661602116521439e-64,2.934936341294459e-63
2,PTMA,16.114437,1.714382,2.019954275230096e-58,1.5157294791689887e-57
2,GAPDH,14.571758,1.8487203,4.248137274099837e-48,2.8442033581326887e-47
2,MT-CYB,13.459695,0.29057175,2.7002827066035885e-41,1.6593704494113894e-40
2,ADAMTSL1,13.260191,1.7258168,3.9389133105548566e-40,2.383625441402497e-39
2,MT-ND3,12.044542,0.3241145,2.07224470072245e-33,1.1412229753227767e-32
2,APOE,11.961204,0.9508685,5.6733731936714295e-33,3.107689420926986e-32
2,CDK4,11.668993,1.0084438,1.8358396896908383e-31,9.826388007472602e-31
2,AL110292.1,11.232586,1.0825346,2.8210053847896115e-29,1.459921133097824e-28
2,PTGDS,11.178693,1.8200269,5.184778178021516e-29,2.6733740087408197e-28
2,LRRTM4,10.797126,0.5376198,3.5514583487167106e-27,1.779262701375938e-26
2,RPS19,8.332999,1.141541,7.881947179618577e-17,3.2448230872335807e-16
2,CRYAB,8.14229,1.7478428,3.878703932459846e-16,1.575437449667684e-15
2,TMSB4X,8.133114,0.7737108,4.1840007394312064e-16,1.698419359237043e-15
2,TMSB10,6.909805,1.3985844,4.853216969553038e-12,1.7863078867751566e-11
2,MARCKSL1,6.868591,1.75258,6.483911285469593e-12,2.373822192489285e-11
2,RPL28,6.740948,1.3163679,1.5735638307046494e-11,5.6863028016798146e-11
2,RPL13,5.9179716,1.0530112,3.2593602278101892e-09,1.1018139880323886e-08
2,MBP,5.648548,1.0035796,1.6180847367335265e-08,5.33985373796136e-08
2,RPL19,5.3494954,1.4397191,8.819974349580993e-08,2.831203374232293e-07
2,RPL3,4.7752204,1.2635831,1.795105363749723e-06,5.442260033862725e-06
2,TF,4.5858107,1.2709426,4.522287169003497e-06,1.3484921532673765e-05
2,TRIP13,4.40455,1.5185102,1.0600356529717108e-05,3.1078841422009734e-05
2,RPS8,4.2916126,1.3109877,1.773803116826534e-05,5.141133655702472e-05
2,RPL32,3.9109132,1.2356346,9.194779252675458e-05,0.0002571108724803
2,MARCKS,3.90753,0.9675996,9.32443952823238e-05,0.0002606933093262
2,PPP1R14A,3.8184018,2.236433,0.0001343189980255,0.0003722293442079
2,RPS3A,3.6768122,1.2466633,0.000236166893445,0.000645512637459
3,PLXDC2,108.38398,4.7709384,0.0,0.0
3,LRMDA,106.072945,5.529007,0.0,0.0
3,DOCK4,100.97764,3.1111255,0.0,0.0
3,DOCK8,99.98056,5.528414,0.0,0.0
3,APBB1IP,98.89295,5.685956,0.0,0.0
3,SFMBT2,97.64054,4.404777,0.0,0.0
3,MEF2A,97.5988,3.4186862,0.0,0.0
3,ARHGAP15,95.70374,5.1382494,0.0,0.0
3,TBXAS1,94.18779,5.211988,0.0,0.0
3,RBM47,93.19475,4.6815734,0.0,0.0
3,FRMD4A,90.90353,3.6621947,0.0,0.0
3,BNC2,90.465744,4.712966,0.0,0.0
3,DOCK2,90.124344,4.762103,0.0,0.0
3,FMN1,89.127815,4.759144,0.0,0.0
3,MERTK,88.7443,4.4914727,0.0,0.0
3,FOXN3,88.45244,3.082135,0.0,0.0
3,SLCO2B1,88.00157,5.175638,0.0,0.0
3,PIK3R5,86.87916,5.6150265,0.0,0.0
3,FYB1,86.16329,4.383671,0.0,0.0
3,ELMO1,85.33732,3.3798728,0.0,0.0
3,SRGAP2,84.82531,3.3601227,0.0,0.0
3,PTPRC,84.67552,4.239585,0.0,0.0
3,FAM49B,84.35469,2.9804256,0.0,0.0
3,PTPRJ,84.324425,2.9685361,0.0,0.0
3,LDLRAD4,84.14563,3.0247128,0.0,0.0
3,ATP8B4,84.08728,5.01011,0.0,0.0
3,ARHGAP24,83.25121,3.5749588,0.0,0.0
3,MSR1,82.68824,4.588934,0.0,0.0
3,CHST11,82.50637,2.8408875,0.0,0.0
3,MGAT4A,82.495094,3.664385,0.0,0.0
3,ADAM28,82.00376,4.6485963,0.0,0.0
3,TBC1D22A,81.530426,2.8146162,0.0,0.0
3,TLR2,81.34021,5.04576,0.0,0.0
3,KCNQ3,81.30447,4.232092,0.0,0.0
3,LYN,81.17302,4.5066404,0.0,0.0
3,INPP5D,81.15206,4.944282,0.0,0.0
3,CELF2,81.0302,2.317367,0.0,0.0
3,FKBP5,80.815735,2.6393185,0.0,0.0
3,GNAQ,80.80798,2.128534,0.0,0.0
3,MEF2C,80.685715,3.1224616,0.0,0.0
3,SAMSN1,80.353065,4.673701,0.0,0.0
3,PALD1,80.210396,4.7474914,0.0,0.0
3,ABR,80.09428,3.3527162,0.0,0.0
3,SLC1A3,80.05938,2.4799292,0.0,0.0
3,LIMS1,79.998604,2.9944959,0.0,0.0
3,MITF,79.88416,3.5024595,0.0,0.0
3,PICALM,79.850555,2.368864,0.0,0.0
3,FRMD4B,79.37691,3.3086305,0.0,0.0
3,LNCAROD,78.74352,5.0306253,0.0,0.0
3,BMP2K,78.694214,2.7695813,0.0,0.0
4,FLT1,33.18439,8.110843,1.8082960496368552e-241,6.100648382659857e-237
4,MECOM,32.948936,7.2868237,4.381698218068152e-238,7.391267639148261e-234
4,ABCB1,32.671883,8.435651,3.918646472324724e-234,4.406779201227307e-230
4,DOCK9,32.365078,5.152809,8.512966380876546e-230,7.180048669790801e-226
4,PTPRB,31.21178,7.3812633,7.374279470454581e-214,4.975721329894525e-210
4,ERG,30.82795,9.169651,1.1064806999072126e-208,6.221556562128271e-205
4,ST6GALNAC3,30.655453,5.0368576,2.2355810711205948e-206,1.077454265662793e-202
4,ADGRL2,30.635876,5.801502,4.07578449922742e-206,1.7188092706304432e-202
4,EPAS1,30.436808,5.3015313,1.7906845380228918e-203,6.712480473253147e-200
4,PTPRM,30.377502,4.234652,1.0890188857168898e-202,3.674023014743071e-199
4,PLEKHG1,29.932281,4.4850554,7.483421831733034e-197,2.295165475792522e-193
4,ADGRL4,29.623487,8.582357,7.447645869831265e-193,2.093843572587478e-189
4,GALNT18,29.430088,4.962792,2.264072942209386e-190,5.875617603947545e-187
4,TBC1D4,29.140192,4.912125,1.1122356867725141e-186,2.680249668903165e-183
4,PTPRG,28.518703,2.8714552,6.868255134655773e-179,1.5447621565192122e-175
4,LEF1,28.14034,6.2234387,3.1461456744751843e-174,6.633844788735581e-171
4,ADGRF5,27.902985,7.98917,2.4546057743914398e-171,4.871237353567293e-168
4,ARHGAP29,27.81125,4.918942,3.171181780577896e-170,5.943675540630915e-167
4,INSR,27.72546,3.9173896,3.444864728193747e-169,6.116810596582762e-166
4,FLI1,27.565304,4.6053,2.9010366723623858e-167,4.8936137107744905e-164
4,ABCG2,27.54213,6.7225,5.4983385918022515e-167,8.833211860553933e-164
4,RBMS3,27.146276,3.2100062,2.801662910283708e-162,4.2963500729200665e-159
4,PRKCH,27.094917,4.3000503,1.1302276823497952e-161,1.6578474486710888e-158
4,RASGRP3,26.971552,5.056891,3.187843639626477e-160,4.4811783695866025e-157
4,ITGA1,26.93403,5.7623205,8.776134582992736e-160,1.1843218097057034e-156
4,PDE4D,26.838358,2.9483619,1.1534025102027886e-158,1.4966284802581338e-155
4,SORBS2,26.74604,3.9777822,1.3729132677728355e-157,1.6942399471282476e-154
4,AC114757.1,26.745148,9.211227,1.4061332815481796e-157,1.6942399471282476e-154
4,TACC1,26.542301,3.68208,3.15146823614802e-155,3.666244271825026e-152
4,VWF,26.32505,8.214664,9.910667727585958e-153,1.1145206570852248e-149
4,SAMD12,26.239822,3.7796547,9.339520432222556e-152,1.0164109703932014e-148
4,PREX2,26.11065,3.2245424,2.7598123016765004e-150,2.909618363176878e-147
4,NOSTRIN,26.077932,6.0441184,6.489244007314955e-150,6.634170456811654e-147
4,MYO10,26.057196,3.3963532,1.1150499989561225e-149,1.106424759258315e-146
4,COBLL1,26.016106,4.4994946,3.255484871696651e-149,3.138008374755141e-146
4,ETS1,25.827188,4.3587866,4.390563265263315e-147,4.1145675800052345e-144
4,UTRN,25.781584,2.8792222,1.4267975244084485e-146,1.300969407593725e-143
4,EBF1,25.753119,5.6426415,2.9743000219216948e-146,2.6406305220940065e-143
4,CADPS2,25.67139,3.8775802,2.440011150545988e-145,2.110734773999231e-142
4,PODXL,25.578161,4.336695,2.669823827122915e-144,2.251796161391145e-141
4,CYYR1,25.55406,6.8015084,4.9488648868368366e-144,4.072191577736935e-141
4,DGKH,25.45829,3.4050255,5.71466382419129e-143,4.590371748493847e-140
4,ANO2,25.233515,7.216797,1.718172504150646e-140,1.3480461807565194e-137
4,MRTFB,25.036385,2.7480533,2.4565497733189972e-138,1.883559538692341e-135
4,ENTPD1,24.95878,4.049203,1.714649191397697e-137,1.2854915504485353e-134
4,NOTCH4,24.912617,6.7621193,5.431269586656013e-137,3.9833639575003023e-134
4,MYRIP,24.898127,4.239118,7.796127015647992e-137,5.596126321849285e-134
4,PALMD,24.896648,5.5038953,8.088583113001473e-137,5.685094343402721e-134
4,A2M,24.878925,3.335976,1.258189308877439e-136,8.662761778285341e-134
4,PECAM1,24.79772,5.2924323,9.487199457788116e-136,6.401392962147953e-133
5,NXPH1,60.547825,4.93683,0.0,0.0
5,AL110292.1,58.067677,4.6990514,0.0,0.0
5,ADAMTSL1,57.262646,5.657733,0.0,0.0
5,NOVA1,57.249302,2.5489416,0.0,0.0
5,SLC35E3,57.069084,4.2176633,0.0,0.0
5,THAP2,54.375103,4.102749,0.0,0.0
5,ZFC3H1,53.79552,3.3583398,0.0,0.0
5,NLGN1,53.43571,2.1098301,0.0,0.0
5,BMPER,53.358643,3.805885,0.0,0.0
5,SNTG1,53.19923,3.02016,0.0,0.0
5,CPM,52.894855,3.699167,0.0,0.0
5,DGKB,51.763798,3.3893027,0.0,0.0
5,AUTS2,51.639782,2.4162755,0.0,0.0
5,ZFPM2,51.41923,3.0613496,0.0,0.0
5,LINC00609,51.19707,3.4400623,0.0,0.0
5,LRRTM4,50.852146,3.1933503,0.0,0.0
5,CACNA1A,49.2113,3.2247882,0.0,0.0
5,LINC01748,48.84291,3.2407157,0.0,0.0
5,TMEFF2,48.817825,3.331047,0.0,0.0
5,LHFPL3,48.618378,3.1766863,0.0,0.0
5,NRXN1,48.12979,2.5332856,0.0,0.0
5,CCDC26,48.09265,4.2196865,0.0,0.0
5,GPR158,47.91666,2.6660817,0.0,0.0
5,LINC01004,46.977703,2.4544933,0.0,0.0
5,ADGRL3,46.78019,2.0929425,0.0,0.0
5,CLIP2,46.747257,2.6090662,0.0,0.0
5,AKT3,46.71317,1.9677546,0.0,0.0
5,CADM2,46.59802,1.9760075,0.0,0.0
5,TMEM19,46.481335,3.248111,0.0,0.0
5,TMEM132B,46.378323,2.8079815,0.0,0.0
5,GRIA2,46.077034,2.2589805,0.0,0.0
5,KMT2C,45.49329,1.6796304,0.0,0.0
5,XKR4,45.4603,3.01168,0.0,0.0
5,AC099792.1,45.334305,2.8941169,0.0,0.0
5,RAP1B,44.960197,2.6092439,0.0,0.0
5,TOX,44.8157,2.8288255,0.0,0.0
5,ZEB1,44.55446,2.161334,0.0,0.0
5,GRIK2,44.02374,2.4143224,0.0,0.0
5,GTF2I,43.62301,1.7477344,0.0,0.0
5,ZEB2,43.555096,2.181403,0.0,0.0
5,KCNH7,43.370186,2.793828,0.0,0.0
5,RAB21,43.20169,2.5609767,0.0,0.0
5,MARCH1,42.900105,2.2833383,0.0,0.0
5,PTPRN2,42.629013,2.514061,0.0,0.0
5,VCAN,42.565857,2.2755015,0.0,0.0
5,CTNNA2,42.40636,2.1063282,0.0,0.0
5,PCDH7,42.345222,2.630914,0.0,0.0
5,AGMO,42.287624,3.1735532,0.0,0.0
5,AC233296.1,42.09658,2.643959,0.0,0.0
5,POLR2F,41.708298,3.075265,0.0,0.0
6,ST18,95.2855,6.806611,0.0,0.0
6,MBP,95.14797,5.6904764,0.0,0.0
6,CTNNA3,94.297874,5.4324527,0.0,0.0
6,RNF220,94.05784,5.551681,0.0,0.0
6,MAN2A1,92.32198,4.564008,0.0,0.0
6,IL1RAPL1,91.87563,4.0579267,0.0,0.0
6,MAP7,91.21891,5.147284,0.0,0.0
6,UNC5C,91.084724,6.356761,0.0,0.0
6,NKAIN2,91.07062,5.781626,0.0,0.0
6,PIP4K2A,90.40653,4.3156567,0.0,0.0
6,TMEM144,90.252975,5.7243443,0.0,0.0
6,PEX5L,89.93095,5.613581,0.0,0.0
6,EDIL3,89.63571,5.533585,0.0,0.0
6,SLC24A2,89.13206,4.617257,0.0,0.0
6,C10orf90,88.89609,5.430959,0.0,0.0
6,DOCK5,88.85659,5.532869,0.0,0.0
6,SPOCK3,88.77603,5.7160406,0.0,0.0
6,SLC44A1,88.12805,3.454299,0.0,0.0
6,PLEKHH1,87.9028,5.2146077,0.0,0.0
6,SHTN1,87.478096,4.4414515,0.0,0.0
6,TTLL7,87.075294,3.951614,0.0,0.0
6,CNTNAP4,86.98098,6.4830537,0.0,0.0
6,PPP2R2B,86.18656,3.4602103,0.0,0.0
6,OTUD7A,85.29244,4.5317855,0.0,0.0
6,PLCL1,85.02338,4.0890813,0.0,0.0
6,SLAIN1,85.02204,3.9960945,0.0,0.0
6,ATP8A1,84.60138,4.0041943,0.0,0.0
6,CERCAM,84.23848,5.789022,0.0,0.0
6,ENPP2,83.876175,5.844371,0.0,0.0
6,DOCK10,83.334404,3.574816,0.0,0.0
6,TF,83.166985,4.6988697,0.0,0.0
6,TMTC2,82.73523,3.3937302,0.0,0.0
6,KCNMB4,82.167694,4.5143766,0.0,0.0
6,FAM107B,82.02875,4.4080186,0.0,0.0
6,ELMO1,81.90665,3.7607563,0.0,0.0
6,AK5,81.802956,5.305567,0.0,0.0
6,DLC1,81.75412,4.501263,0.0,0.0
6,RAPGEF5,81.629036,4.7971783,0.0,0.0
6,PLP1,81.62633,3.9172971,0.0,0.0
6,FRMD4B,81.50243,3.9581573,0.0,0.0
6,ZNF536,81.46099,4.055445,0.0,0.0
6,DNAJC6,81.34148,3.6377199,0.0,0.0
6,KLHL32,81.18293,4.617136,0.0,0.0
6,AC008571.2,80.407425,7.3313603,0.0,0.0
6,ST6GALNAC3,80.10174,4.7649093,0.0,0.0
6,PCSK6,79.81689,5.919636,0.0,0.0
6,DNM3,79.671745,2.7908192,0.0,0.0
6,PCDH9,79.4113,2.9912064,0.0,0.0
6,CLDN11,79.21603,5.0547338,0.0,0.0
6,DLG1,78.947044,2.8061593,0.0,0.0
7,AC078923.1,45.11447,9.223689,0.0,0.0
7,OSBPL8,45.088512,6.187761,0.0,0.0
7,AC107032.2,45.0356,8.678018,0.0,0.0
7,RAP1B,44.868477,6.452214,0.0,0.0
7,GRIP1,44.71151,8.494384,0.0,0.0
7,AC078820.2,44.65198,9.620541,0.0,0.0
7,ERBB3,44.30346,7.003282,0.0,0.0
7,CDH19,43.614765,7.610833,0.0,0.0
7,AC073525.1,43.352085,9.163033,0.0,0.0
7,KCNC2,43.06519,5.9467072,0.0,0.0
7,MYL6B,42.463085,5.9787197,0.0,0.0
7,ZFC3H1,41.283337,4.424598,0.0,0.0
7,GLI3,41.214817,4.7829537,0.0,0.0
7,DLC1,41.18004,5.6358547,0.0,0.0
7,ST6GALNAC5,40.99803,6.589788,0.0,0.0
7,SLC35E3,40.271133,4.6062236,0.0,0.0
7,BBS10,40.202873,5.4526014,0.0,0.0
7,TBC1D15,39.427288,4.0276155,0.0,0.0
7,MDM2,38.049267,3.3680007,0.0,0.0
7,OR6C75,37.3828,9.561513,7.436230561588735e-306,1.2543805522815959e-302
7,TMEM19,36.990837,4.1609592,1.6076821266137793e-299,2.582779614550908e-296
7,AC034102.5,36.85948,6.2153654,2.061467617185981e-297,3.161260590954701e-294
7,PPP2R2B,36.385925,3.2433052,7.10720447477513e-290,1.0425032928934285e-286
7,ZNF536,35.951374,3.65527,4.817263597921906e-283,6.77166758346214e-280
7,POLR2F,35.87931,3.74937,6.422891576223022e-282,8.667563724281443e-279
7,ITGB8,35.821503,3.1818345,5.110195626559829e-281,6.630871917432652e-278
7,RBMS3,35.597286,3.5315433,1.543147051483231e-277,1.928190817625547e-274
7,CNOT2,35.54292,2.8663504,1.0688472803026081e-276,1.2878464534131815e-273
7,PPFIBP1,35.451336,3.20735,2.7662871633669276e-275,3.2181458631210346e-272
7,PRIMA1,35.32833,4.9358416,2.157408983231046e-273,2.4261502289088596e-270
7,COL1A2,35.273426,5.183345,1.5009426128671132e-272,1.6334613203321867e-269
7,RPL41,35.264954,3.3065035,2.024348516734244e-272,2.134232684658225e-269
7,GAS7,35.18382,3.092177,3.5355001540470707e-271,3.6144596574874564e-268
7,AHR,34.985256,3.5066195,3.7705804973021843e-268,3.7414139481612873e-265
7,AL035446.2,34.828125,4.885503,9.128561920574828e-266,8.799151243269514e-263
7,SORCS1,34.77707,3.8229887,5.404438571640493e-265,5.064709558095425e-262
7,SAMD5,34.7484,4.7697415,1.4652916079540788e-264,1.3360687291228856e-261
7,SPATA22,34.694416,5.303753,9.56360866777238e-264,8.490722779595707e-261
7,LAMA2,34.675014,3.7121158,1.8756931076285343e-263,1.6225707274888172e-260
7,TSFM,34.603493,3.1308522,2.238523377304407e-262,1.8880265795029697e-259
7,SEMA3C,34.50417,4.629042,6.945892627262425e-261,5.715453160145181e-258
7,HSPA12A,34.47476,3.8446298,1.916977288394632e-260,1.5398348280611828e-257
7,MICALL2,34.454964,4.1742873,3.7945009027471245e-260,2.9770948129297608e-257
7,UTRN,34.25995,2.9366107,3.1011048903721586e-257,2.377772174692853e-254
7,ASPA,34.001392,4.707382,2.124770381689576e-253,1.5929639637124715e-250
7,EHBP1,33.558147,2.585733,6.847419729790351e-247,5.021986943998631e-244
7,PA2G4,33.531467,4.0736217,1.6771297941841027e-246,1.2038580397104058e-243
7,ITIH5,33.41753,6.505296,7.628293151105833e-245,5.3615776258095305e-242
7,AL139383.1,33.2036,3.719677,9.551249035199546e-242,6.576132422459737e-239
7,LGI4,32.949917,5.5439873,4.242295375417165e-238,2.8624463816089782e-235
8,PLXDC2,47.613907,2.8349378,0.0,0.0
8,LRMDA,46.936234,3.6460905,0.0,0.0
8,SLC11A1,44.90054,4.716824,0.0,0.0
8,DOCK4,41.214005,1.8455992,0.0,0.0
8,RBM47,39.785923,3.2977421,0.0,0.0
8,ARHGAP24,38.927498,2.5954607,0.0,0.0
8,RUNX1,37.122913,2.5926406,1.199642286400416e-301,5.059041477036354e-298
8,NEAT1,36.662647,1.9040236,2.8775274600800318e-294,1.0786571546746668e-290
8,TBXAS1,36.415913,3.2524788,2.383858229352892e-290,8.04242250836785e-287
8,NAMPT,35.824207,2.29742,4.638308499524937e-281,1.4225692168042982e-277
8,LDLRAD4,35.56788,2.13769,4.3977914003322877e-277,1.236402403941753e-273
8,DOCK8,35.44592,3.030246,3.352449456819012e-275,8.70012210190023e-272
8,CHST11,34.97354,2.0282044,5.682179062166935e-268,1.3692833930023275e-264
8,RNF149,34.6203,2.9808764,1.2506894215595773e-262,2.637156813447216e-259
8,FYB1,34.503372,3.0332634,7.140031546000909e-261,1.4169602603966626e-257
8,MSR1,33.89058,3.1031973,9.169692629070426e-252,1.7186551123719387e-248
8,SPP1,32.498066,2.0396166,1.1355554162533629e-231,1.915511653906985e-228
8,SLCO2B1,32.46747,3.2892632,3.0709062000555583e-231,4.933483927203541e-228
8,SAT1,32.36979,2.1828332,7.308347041649322e-230,1.1207350188369235e-226
8,FMN1,32.317196,2.7604141,4.0110968766324195e-229,5.883581535954259e-226
8,PTPRC,31.837719,2.7636561,1.9470572093756126e-222,2.627514762908201e-219
8,SSH2,31.484873,1.520871,1.3994090412530925e-217,1.8158408778752143e-214
8,SLC8A1,30.826653,1.5744462,1.1516845112620678e-208,1.387656441301728e-205
8,LNCAROD,30.7925,3.142918,3.3022090702731066e-208,3.841607841510476e-205
8,EPB41L3,30.573883,2.3038993,2.723117841034948e-205,2.963542793645033e-202
8,ABR,30.433828,2.3912773,1.9608642359334412e-203,2.0046568705359552e-200
8,APBB1IP,30.42992,2.7853115,2.2087995021484207e-203,2.1917137883523902e-200
8,ARHGAP15,30.260612,2.5900908,3.783060187183831e-201,3.646545758143454e-198
8,FRMD4A,30.10264,1.9741749,4.474741374287433e-199,4.193454159564863e-196
8,ATP8B4,29.528229,2.9295323,1.2502419401056262e-191,1.139984117117392e-188
8,FAM49B,29.457281,1.7747377,1.0157118816687046e-190,9.017650461015025e-188
8,ACSL1,29.342392,2.8799095,2.988020100591174e-189,2.584790618811396e-186
8,SRGN,29.144747,3.1691327,9.73795414300951e-187,8.213233973067793e-184
8,RAB31,28.852482,1.8876489,4.716250828606581e-183,3.788384623921434e-180
8,GNAQ,28.617517,1.2256228,4.067916773050389e-180,3.191611817962813e-177
8,RAPGEF1,28.574284,2.077461,1.4026538263103148e-179,1.0515851586273575e-176
8,BMP2K,28.44487,1.6789294,5.639857178588733e-178,4.13634481813148e-175
8,MERTK,28.041153,2.5019927,5.1211808932889296e-173,3.599443329101846e-170
8,LYN,27.92997,2.802062,1.154510232338825e-171,7.948920756819375e-169
8,AKAP13,27.88651,1.4069953,3.888754960356224e-171,2.6238985219507585e-168
8,CD163,27.81595,3.4773505,2.782164320971523e-170,1.8404289744434564e-167
8,MAML3,27.693235,2.1451857,8.422827772300455e-169,5.464633472194239e-166
8,SLC16A10,27.66278,3.2245748,1.9589721318967847e-168,1.2469781662981477e-165
8,FGD4,27.445179,1.9053997,7.932039013664456e-166,4.865512730981777e-163
8,ARHGAP26,27.3953,1.7238868,3.119994790159114e-165,1.879629718492822e-162
8,AL163541.1,27.13435,3.7121043,3.874404983856114e-162,2.293171946321996e-159
8,PRKAG2,26.870153,2.1563187,4.905182568058372e-159,2.758102404976421e-156
8,DOCK2,26.818132,2.534075,1.9858660752546888e-158,1.0983141603420893e-155
8,INPP5D,26.727774,2.8729713,2.2390131910050792e-157,1.2183481939506187e-154
8,SAMSN1,26.660463,2.755876,1.353581661040405e-156,7.248537221987328e-154
9,TEX41,51.237385,7.935533,0.0,0.0
9,AL110292.1,47.975666,5.2373095,0.0,0.0
9,XKR4,46.196087,4.1413,0.0,0.0
9,NAV3,45.201836,3.9904883,0.0,0.0
9,LINC00609,44.59094,3.9640353,0.0,0.0
9,TOX,44.211613,3.8774242,0.0,0.0
9,LRRTM4,43.170216,3.586025,0.0,0.0
9,PTPRN2,41.961784,3.313297,0.0,0.0
9,LINC02008,41.483433,5.1875243,0.0,0.0
9,AUTS2,39.357143,2.4271514,0.0,0.0
9,KCNH7,39.000378,3.219446,0.0,0.0
9,GRIK2,38.90137,2.7625356,0.0,0.0
9,GDAP1,38.64434,2.6612363,0.0,0.0
9,LINC01505,38.392677,3.9109824,0.0,0.0
9,MYT1L,38.139477,4.287867,0.0,0.0
9,UNC79,38.11623,2.8335528,0.0,0.0
9,KCNQ1OT1,37.138493,2.8503358,6.724323358311857e-302,1.33446174787863e-298
9,ZFPM2,37.126854,2.9896276,1.0362514408068272e-301,1.9422230476944405e-298
9,PTPRS,37.110645,2.524975,1.892228965228409e-301,3.3599015052584653e-298
9,SNTG1,36.75356,2.658639,1.019932844993561e-295,1.7204737195773889e-292
9,FAM110B,36.492306,2.6066935,1.4688326579602931e-291,2.359714637219353e-288
9,RNF150,36.40309,2.8062592,3.8035884480381166e-290,5.83280288506645e-287
9,PAK3,36.10833,2.914813,1.6784677685239166e-285,2.4620203089865816e-282
9,CTNNA2,36.020798,2.2618499,3.953587734432868e-284,5.557591224856736e-281
9,THSD7A,35.955357,2.8367195,4.174100658040016e-283,5.632865356011841e-280
9,SRRM4,35.878815,4.1662893,6.538241035198283e-282,8.483870684787865e-279
9,DSCAML1,35.306686,2.8079307,4.6370482196615274e-273,5.794077621730406e-270
9,AL133304.3,35.20174,3.2820306,1.8807071034821283e-271,2.2660505553634492e-268
9,NLGN1,35.098476,1.796024,7.110924512233626e-270,8.27245725066296e-267
9,ERC2,34.800682,2.4971375,2.3751370864648532e-265,2.670999996202159e-262
9,ZFPM2-AS1,34.794334,3.2530532,2.962689458515712e-265,3.224266266514341e-262
9,LINC01748,34.689716,2.9686677,1.125864291826581e-263,1.1869776129172926e-260
9,EYS,34.607674,3.628302,1.936925121928365e-262,1.9801831163180992e-259
9,SRRM3,34.59495,3.4089289,3.008898724953755e-262,2.9856240083460244e-259
9,TSPAN31,34.546528,2.5772233,1.6071454486389332e-261,1.5491504571637625e-258
9,AC099792.1,34.52422,2.8805478,3.474708999073007e-261,3.256284930603501e-258
9,CACNA2D1,34.337418,2.60032,2.1705431309595215e-258,1.979124692140037e-255
9,DGKI,34.23228,2.437455,8.00468399498024e-257,7.106684840490747e-254
9,PTCSC3,33.964912,3.933576,7.347962162550049e-253,6.356364089178231e-250
9,MARCH1,33.906258,2.311381,5.387325721094672e-252,4.543805196314274e-249
9,NRXN1,33.58827,2.1970909,2.4886354474652943e-247,2.047782782710649e-244
9,HECW1,33.5754,3.1704626,3.835381577073478e-247,3.08081591108876e-244
9,AC233296.1,33.535503,2.694817,1.464683235135582e-246,1.1491632163667239e-243
9,PLXNA4,33.48879,3.4147673,7.018471241665733e-246,5.3814128245472e-243
9,CCDC26,33.192802,3.9502883,1.3673644188220836e-241,1.0251282977289028e-238
9,DGKB,33.10143,2.7841618,2.8344354814274823e-240,2.0788119529764998e-237
9,RIMS2,33.08567,2.5020435,4.7771502608793926e-240,3.4290791138571933e-237
9,SLCO5A1,32.99372,2.994556,9.994055655965198e-239,7.024363659693707e-236
9,AL139231.1,32.729668,5.746715,5.911742858968068e-235,4.0702952823062395e-232
9,SEZ6L,32.728233,2.7852018,6.196402915524525e-235,4.180960903221018e-232
10,SLC35E3,80.00779,5.028852,0.0,0.0
10,ZFC3H1,74.74813,3.9205468,0.0,0.0
10,CPM,73.346924,4.283753,0.0,0.0
10,THAP2,71.74,4.58658,0.0,0.0
10,IMMP2L,67.85677,2.514436,0.0,0.0
10,RAP1B,67.034225,3.344046,0.0,0.0
10,TMEM19,63.83946,3.6822581,0.0,0.0
10,RAB21,63.627697,3.222263,0.0,0.0
10,LRRTM4,61.418224,3.0312588,0.0,0.0
10,MDM2,60.0856,2.8200533,0.0,0.0
10,CDHR3,59.41115,3.309729,0.0,0.0
10,BMPER,59.06726,3.1765378,0.0,0.0
10,TPST1,58.29084,2.5742216,0.0,0.0
10,CALD1,57.50122,2.3627799,0.0,0.0
10,RABGEF1,56.717686,2.1432004,0.0,0.0
10,SMYD3,56.2823,2.0620499,0.0,0.0
10,SNHG14,54.855606,2.001979,0.0,0.0
10,EEF1AKMT3,54.786148,2.7554703,0.0,0.0
10,WSB1,54.039837,1.8885597,0.0,0.0
10,EEPD1,53.232426,2.8553755,0.0,0.0
10,LUC7L2,52.693657,1.8519018,0.0,0.0
10,LINC01004,52.571228,2.21565,0.0,0.0
10,BBS9,50.33981,1.8675965,0.0,0.0
10,DOCK7,49.45929,2.008512,0.0,0.0
10,ARHGAP21,49.37652,1.94781,0.0,0.0
10,LIFR,49.31459,2.1972842,0.0,0.0
10,FRMD3,49.26013,2.8153274,0.0,0.0
10,AL110292.1,48.428665,2.4174461,0.0,0.0
10,TSFM,48.327606,2.222128,0.0,0.0
10,TSPAN31,48.291267,2.222566,0.0,0.0
10,LINC02408,47.986347,3.188882,0.0,0.0
10,LINC02615,47.818394,2.9762468,0.0,0.0
10,NRF1,47.409473,1.869538,0.0,0.0
10,BRAF,47.283863,1.6774012,0.0,0.0
10,KMT2C,46.50579,1.3897358,0.0,0.0
10,TAPT1-AS1,46.30548,2.2009306,0.0,0.0
10,PTPN12,46.055008,1.8140416,0.0,0.0
10,LINC01748,45.74295,2.4412546,0.0,0.0
10,PDE3A,45.04355,2.5496938,0.0,0.0
10,CDKN2B-AS1,45.023804,2.4677377,0.0,0.0
10,GLIS3,44.940422,2.084089,0.0,0.0
10,LINC00174,44.88237,2.074389,0.0,0.0
10,AEBP1,44.40428,2.740045,0.0,0.0
10,MARCH9,44.33347,2.0055118,0.0,0.0
10,CDKN2A,44.180504,2.5061014,0.0,0.0
10,NAALADL2,44.130756,1.7927595,0.0,0.0
10,TRIM9,44.094196,1.9508594,0.0,0.0
10,ADAMTS9-AS2,44.088512,2.3718896,0.0,0.0
10,ADAMTS6,43.943672,2.195942,0.0,0.0
10,AC124254.2,43.84259,2.2664492,0.0,0.0
11,CNTNAP2,43.34043,6.3987045,0.0,0.0
11,SNHG14,42.461952,3.591323,0.0,0.0
11,ATP8A2,42.18181,6.0764956,0.0,0.0
11,GRIP1,40.95744,5.4276867,0.0,0.0
11,FRMPD4,40.432,5.8802643,0.0,0.0
11,NRG3,40.20903,4.4206076,0.0,0.0
11,NRXN3,40.015602,4.220312,0.0,0.0
11,CACNA1B,40.007492,5.7654114,0.0,0.0
11,RBFOX1,39.902256,5.012905,0.0,0.0
11,HCN1,39.47343,5.646035,0.0,0.0
11,MYT1L,39.366337,4.741737,0.0,0.0
11,LRRC7,39.21231,4.632162,0.0,0.0
11,CCSER1,39.17104,4.380202,0.0,0.0
11,PCLO,38.836056,4.702001,0.0,0.0
11,SYT1,38.637146,4.4019933,0.0,0.0
11,GRIN2B,38.543816,4.160379,0.0,0.0
11,MEG3,38.39366,3.5575693,0.0,0.0
11,GALNT17,38.27762,5.279138,0.0,0.0
11,MTUS2,38.271816,6.344909,0.0,0.0
11,GABRB2,37.992733,5.394122,0.0,0.0
11,CNTN4,37.673393,5.247381,1.3547824573369e-310,2.1764902744368727e-307
11,ANK3,37.601776,3.7157133,2.010610435484342e-309,3.083271102815239e-306
11,KCNJ3,37.58282,5.058811,4.10208932498817e-309,6.017051632918514e-306
11,SLC4A10,37.40007,4.0956154,3.897107905787764e-306,5.478197059065074e-303
11,ZNF385D,37.287178,4.3401284,2.648173935647785e-304,3.5736577626779727e-301
11,DLGAP2,37.22778,5.0996046,2.4251370679690052e-303,3.146801894695013e-300
11,DAB1,37.210762,3.5616593,4.570956029674661e-303,5.7114942064123725e-300
11,SNRPN,36.963947,4.2074723,4.34841081603692e-299,5.239369132165628e-296
11,GABRG3,36.868862,5.8694143,1.4585339174407159e-297,1.6967778887137045e-294
11,MACROD2,36.746662,4.286565,1.3144510472164579e-295,1.4781878326647213e-292
11,TENM2,36.620445,4.767932,1.3522082820143484e-293,1.4715951874296153e-290
11,GABBR2,36.596973,3.968822,3.195451709194102e-293,3.3689048222837946e-290
11,SYN2,36.504932,3.9660246,9.261624421207682e-292,9.468467366614654e-289
11,LINC00632,36.363964,3.540594,1.5810012066068453e-289,1.5687716972733863e-286
11,KCNC2,36.324375,4.276611,6.671823045484613e-289,6.431065545300412e-286
11,FRMD4A,36.307743,3.591259,1.2212708355085216e-288,1.1445003938208606e-285
11,KAZN,36.16744,3.1330094,1.9793163156700134e-286,1.804762014642142e-283
11,RYR2,35.82877,4.6631227,3.938412011796138e-281,3.496584369525429e-278
11,MYRIP,35.673653,4.0407224,1.0129766400318163e-278,8.762767411475228e-276
11,FGF14,35.667706,3.3407383,1.2525708103705851e-278,1.0564495357368109e-275
11,SYT16,35.540924,3.909838,1.1475165055681531e-276,9.442381548378726e-274
11,LRFN5,35.493423,4.536789,6.209108670791845e-276,4.987540457773916e-273
11,TENM3,35.468037,4.499227,1.5293780414980758e-275,1.199921557814432e-272
11,GRIN2A,35.394978,4.5415606,2.0399450810675488e-274,1.5641278909085434e-271
11,CACNA1D,35.332977,3.312273,1.8306005949052048e-273,1.372421606007042e-270
11,KSR2,35.28115,4.185679,1.14268581874736e-272,8.380606840669498e-270
11,GAD1,35.081482,3.8759665,1.2916072161333758e-269,9.271266521423768e-267
11,CELF4,34.978058,3.812199,4.851082066893243e-268,3.4096032435578613e-265
11,CACNA1C,34.944996,3.2804496,1.5426237545275962e-267,1.0621121960509696e-264
11,RIMS2,34.55082,3.1147888,1.3855965525424426e-261,9.349174178624876e-259
12,PTPRC,39.947517,5.3828444,0.0,0.0
12,SKAP1,39.536476,8.711323,0.0,0.0
12,ARHGAP15,39.27018,5.378197,0.0,0.0
12,PARP8,38.5139,4.793294,0.0,0.0
12,MBNL1,38.24225,3.0860827,0.0,0.0
12,PRKCH,36.07786,5.2961845,5.045130676213627e-285,2.836792893723652e-281
12,IKZF1,34.70525,5.589032,6.5649875861337015e-264,3.16404265990561e-260
12,PIP4K2A,34.626442,3.6340237,1.0109265034309957e-262,4.2632034307814375e-259
12,CCND3,33.571453,4.5453544,4.379593437135635e-247,1.6417149309849437e-243
12,THEMIS,33.5291,8.603247,1.8160806764697968e-246,6.126911378206153e-243
12,STAT4,33.43175,7.4038787,4.7408896157786884e-245,1.4540308451593238e-241
12,ETS1,33.28026,4.880102,7.453955733027245e-243,2.095617538042835e-239
12,ANKRD44,33.210278,3.1095498,7.650958043212833e-242,1.985541319260549e-238
12,BCL11B,32.9981,5.8653255,8.64805639996535e-239,2.083996276897364e-235
12,RIPOR2,32.723267,5.447185,7.290387329887269e-235,1.6397053156560452e-231
12,CD96,32.560024,7.921715,1.5103214282199034e-232,3.1846071264909298e-229
12,SLFN12L,32.374943,8.661312,6.18389869536011e-230,1.227212884031553e-226
12,CBLB,31.532516,3.2573812,3.114061748230098e-218,5.836616733335488e-215
12,CD247,30.668688,7.28965,1.4891559927653518e-206,2.6441924067328783e-203
12,BCL2,30.33208,3.3565295,4.330007052516065e-202,7.304072396536726e-199
12,DOCK8,29.959576,3.8332732,3.301709682138906e-197,5.304275216491442e-194
12,CDC42SE2,29.860365,3.139849,6.440143849544119e-196,9.875960593275905e-193
12,CHST11,29.621536,2.593716,7.891673888436981e-193,1.1575713129312976e-189
12,TNFAIP8,29.108885,5.152754,2.7709850072339706e-186,3.895196716210519e-183
12,INPP4B,28.959736,4.0121083,2.1161653792972712e-184,2.8557228560540816e-181
12,ITK,28.846996,8.800745,5.526210535980732e-183,7.170683263553151e-180
12,CELF2,28.794447,2.129225,2.517338904686481e-182,3.1454615787928826e-179
12,SYNE2,28.440166,3.0004497,6.448091716223617e-178,7.769259651079862e-175
12,RHOH,28.343866,5.7224984,9.96175408099791e-177,1.1588955083814709e-173
12,RABGAP1L,28.294046,2.0254326,4.090817135889087e-176,4.600396590449671e-173
12,TC2N,28.133245,7.2519765,3.8421529226769694e-174,4.181377843624289e-171
12,EMB,28.129423,5.709888,4.278873337204986e-174,4.511135930540144e-171
12,UTRN,28.074612,2.6447587,2.0004774549015783e-173,2.045154784727714e-170
12,CYTIP,27.955992,5.8424487,5.574341041034957e-172,5.531221873570481e-169
12,SYTL3,27.809608,4.9432197,3.319527866547968e-170,3.1997403323922518e-167
12,MDFIC,27.596657,4.4504595,1.2204333775383427e-167,1.143715579389196e-164
12,TXNIP,27.31562,3.6490784,2.767151841687024e-164,2.523118964405274e-161
12,DOCK2,26.456203,3.4599721,3.0957750046974965e-154,2.748477929828406e-151
12,IQGAP2,26.419323,3.117832,8.219183399018346e-154,7.110015136735434e-151
12,FYN,26.089872,1.873792,4.7503606548907564e-150,4.006572935351236e-147
12,SP100,26.038816,2.8451211,1.800994792399488e-149,1.481955153931257e-146
12,CARD11,26.005219,5.173968,4.322940886877371e-149,3.4724537309662337e-146
12,FYB1,25.996449,3.2808938,5.431908335168997e-149,4.261774221013871e-146
12,PCED1B,25.584171,4.2945676,2.2888564895805252e-144,1.7159811419772926e-141
12,LRBA,25.573072,1.9242984,3.041545377029152e-144,2.2307090518441844e-141
12,RNF213,25.340366,2.780586,1.147590649231972e-141,8.237503347476392e-139
12,FOXP1,25.291014,2.2533135,4.010955697573491e-141,2.819116924354935e-138
12,FKBP5,25.27091,2.110356,6.672942538304219e-141,4.594389028872846e-138
12,IKZF3,25.243904,8.030976,1.321303846306699e-140,8.915365572569818e-138
12,SMCHD1,25.1128,2.219807,3.604568041367791e-139,2.3844570982671602e-136
13,NBAS,100.553444,4.1467085,0.0,0.0
13,CPSF6,96.660355,5.057382,0.0,0.0
13,DDX1,95.89539,4.410407,0.0,0.0
13,TNRC6B,95.11296,3.666256,0.0,0.0
13,NUP107,94.7594,4.373758,0.0,0.0
13,FRS2,93.793816,4.3878937,0.0,0.0
13,CCT2,92.35427,4.556645,0.0,0.0
13,CTDSP2,89.46385,3.718978,0.0,0.0
13,OS9,87.54615,3.64842,0.0,0.0
13,YEATS4,87.52017,3.834389,0.0,0.0
13,AVIL,83.90269,3.2997022,0.0,0.0
13,MEIS1,81.37649,3.3602517,0.0,0.0
13,CHL1,77.69205,3.0133991,0.0,0.0
13,FIRRE,76.97772,2.933971,0.0,0.0
13,DMD,76.888824,2.6547537,0.0,0.0
13,KLHL4,76.524216,3.1253011,0.0,0.0
13,ELOVL2,76.278984,3.240342,0.0,0.0
13,RYR3,74.77496,3.35048,0.0,0.0
13,SLC1A2,74.70002,2.784011,0.0,0.0
13,AEBP2,74.68816,2.5010972,0.0,0.0
13,DENND2A,74.4559,2.5264938,0.0,0.0
13,TENM1,73.86175,2.682879,0.0,0.0
13,SLC4A4,73.5261,3.0326812,0.0,0.0
13,NPAS3,73.51987,2.1697211,0.0,0.0
13,IGF2BP3,72.41794,2.6481512,0.0,0.0
13,BEST3,72.40853,3.0212595,0.0,0.0
13,AC073050.1,71.97421,2.5927172,0.0,0.0
13,DNAH11,71.6388,2.8593316,0.0,0.0
13,ATP13A4,70.32144,2.6998973,0.0,0.0
13,AL589740.1,70.075165,2.6352348,0.0,0.0
13,LHFPL6,70.03378,2.5154252,0.0,0.0
13,SLC6A11,69.73632,3.306114,0.0,0.0
13,TSFM,69.48986,2.5081804,0.0,0.0
13,ALDH1L1,69.45735,3.3512576,0.0,0.0
13,ALK,69.38246,2.9866571,0.0,0.0
13,RPL39,69.36912,2.19757,0.0,0.0
13,TSPAN31,69.342896,2.5351229,0.0,0.0
13,ADGRV1,69.334435,2.654738,0.0,0.0
13,ETV1,68.92389,2.423596,0.0,0.0
13,RPS21,68.54592,2.2884138,0.0,0.0
13,AC006148.1,68.355576,3.1245797,0.0,0.0
13,ACSBG1,67.704155,3.2525344,0.0,0.0
13,PANTR1,67.59774,2.2688396,0.0,0.0
13,RNF180,67.42726,2.3494086,0.0,0.0
13,ATP1A2,67.39168,3.0195658,0.0,0.0
13,JPX,66.96187,1.8737572,0.0,0.0
13,CDK4,66.63115,2.2651234,0.0,0.0
13,RBMX,66.564674,2.0007052,0.0,0.0
13,METTL1,66.50507,2.5311728,0.0,0.0
13,MYCN,66.483,3.643306,0.0,0.0
14,VEGFA,39.746346,4.3687196,0.0,0.0
14,FRS2,36.83549,4.177162,4.9930417255779356e-297,8.422512434791141e-293
14,AKAP12,36.308266,4.7997737,1.1981943627805844e-288,1.3474494405709524e-284
14,NDRG1,36.284172,5.0228114,2.874858978582597e-288,2.4247279340110267e-284
14,TNRC6B,35.249065,3.4461863,3.5457936236828474e-272,2.3924887896437652e-268
14,PGK1,34.178177,4.0414586,5.102100445603107e-256,2.8688260455552005e-252
14,GLUL,33.990868,3.653423,3.039534664626787e-253,1.4649254425787699e-249
14,ARL4C,33.731873,4.285894,1.971751274772197e-249,8.315121594623704e-246
14,CCT2,33.44939,3.8181372,2.626972797106161e-245,9.847353472885616e-242
14,BNIP3L,32.18943,3.3433335,2.481191825670469e-227,8.370796862264462e-224
14,PLCG2,32.017937,3.3699036,6.137633970217231e-225,1.882412338665625e-221
14,CPSF6,31.592598,3.670554,4.665970836101347e-219,1.3117988174795927e-215
14,GRB10,31.369518,3.580183,5.2720965683847956e-216,1.3681901686738296e-212
14,PAM,31.364824,2.95347,6.109034899826214e-216,1.4721465029674068e-212
14,UBC,30.970736,3.8740244,1.3361283866131022e-210,3.005130891944415e-207
14,SLC2A1,30.857292,5.1146183,4.471926740989191e-209,9.42933702879702e-206
14,TMSB4X,30.115767,2.758742,3.012602939019605e-199,5.9785991384532e-196
14,RGS6,30.00969,3.89661,7.33539280493556e-198,1.374856372556172e-194
14,IGFBP5,29.79638,3.5204558,4.3523405457881465e-195,7.728153315434456e-192
14,ADM,29.72518,5.2242618,3.630799288234698e-194,6.124613779358701e-191
14,HILPDA,29.71439,4.545417,5.00513236566556e-194,8.040864315259953e-191
14,EYA2,29.66375,3.47287,2.254744768055506e-193,3.457651101813119e-190
14,PLOD2,29.582663,3.4781382,2.497391308218181e-192,3.663238720232903e-189
14,MAFB,29.311167,4.5801253,7.473807282037626e-189,1.050599317808764e-185
14,MORF4L2,29.251167,2.6910553,4.339447369516052e-188,5.855997436214522e-185
14,SCG2,28.628258,3.6925533,2.990280862298523e-180,3.880119440437125e-177
14,EIF1,28.541101,2.9919498,3.6223616667668995e-179,4.5262079833968465e-176
14,VIM,28.50395,2.6237843,1.0465458309579099e-178,1.2609755963938215e-175
14,ID2,28.259773,3.5622187,1.0795333779787963e-175,1.2558695714782986e-172
14,JUN,28.126274,3.2223458,4.6758768696742725e-174,5.258335265073365e-171
14,RNF24,27.877464,2.5981402,5.006114678334696e-171,5.277852840718051e-168
14,HSPA1A,27.538473,4.0235515,6.081624388571461e-167,6.0345812352128064e-164
14,INSIG2,27.364275,3.5467367,7.303844773014399e-165,7.040280317348195e-162
14,RBM39,27.359863,2.0238965,8.242403004816634e-165,7.724276393708299e-162
14,ANKRD28,27.209398,2.4960406,5.027885856463486e-163,4.584480679446179e-160
14,GBE1,27.174726,2.9128227,1.2923862123200183e-162,1.1474008853958017e-159
14,KDM3A,27.172873,2.9390738,1.359254645448147e-162,1.1758249736790805e-159
14,NUP107,27.034739,2.6453373,5.773940114706621e-161,4.869885441246432e-158
14,PDK1,26.617828,3.3862123,4.221228831041988e-156,3.4352726089748973e-153
14,HSP90AA1,26.067636,2.4367254,8.490583142595774e-150,6.510154624585309e-147
14,RNMT,26.020357,2.5462587,2.914084772657515e-149,2.1847217327810347e-146
14,PGM2L1,26.006605,2.7177172,4.1694929588360486e-149,3.0579605207011257e-146
14,OS9,25.878994,2.474479,1.1481364104813701e-147,8.241420868172337e-145
14,HSPA9,25.677814,2.6988947,2.068549059761983e-145,1.4242171352895926e-142
14,ERO1A,25.610153,3.1109047,1.175814303194229e-144,7.93368942937274e-142
14,DSTN,25.177464,2.7189224,7.072886364775697e-140,4.588807063239186e-137
14,ACTB,25.148218,1.9788393,1.478074703105042e-139,9.408642690312227e-137
14,HSPE1,25.01363,3.5356312,4.345369147522481e-138,2.66544943509029e-135
14,CEBPB,24.532475,3.4409666,6.654038954341767e-133,3.870470900045314e-130
14,ADCY8,24.498322,2.9395597,1.5392621820433506e-132,8.655014705932753e-130
15,RBFOX1,48.65542,5.4714556,0.0,0.0
15,DLGAP2,47.66507,6.8085213,0.0,0.0
15,MEG3,47.36455,4.4497986,0.0,0.0
15,RYR2,47.120995,6.585285,0.0,0.0
15,NRG3,46.90136,4.7468224,0.0,0.0
15,RALYL,46.12421,5.076119,0.0,0.0
15,CNTNAP2,45.880154,5.207517,0.0,0.0
15,LRRC7,45.765854,4.9921165,0.0,0.0
15,KCNIP4,45.463272,5.2428017,0.0,0.0
15,SYT1,45.233444,4.7156053,0.0,0.0
15,CACNA1B,44.960114,6.6291513,0.0,0.0
15,IQCJ-SCHIP1,44.785946,5.749077,0.0,0.0
15,FRMPD4,44.406055,6.1962895,0.0,0.0
15,SNHG14,44.217094,3.0513039,0.0,0.0
15,CACNA2D3,44.18829,5.165949,0.0,0.0
15,GALNT17,43.862003,5.5895085,0.0,0.0
15,STXBP5L,43.553665,3.9673016,0.0,0.0
15,ATP8A2,43.52676,5.818519,0.0,0.0
15,AGBL4,43.32971,3.8558128,0.0,0.0
15,PHACTR1,43.198303,3.4061387,0.0,0.0
15,GRIN2A,42.981663,4.770884,0.0,0.0
15,CACNA1C,42.974384,3.8944812,0.0,0.0
15,KHDRBS2,42.768112,5.0950327,0.0,0.0
15,CSMD1,42.767185,3.793032,0.0,0.0
15,RBFOX3,42.68925,5.6893716,0.0,0.0
15,ANKS1B,42.5161,3.4244998,0.0,0.0
15,SLC4A10,42.485928,4.508264,0.0,0.0
15,MACROD2,42.428745,4.4743915,0.0,0.0
15,HS6ST3,42.367695,5.398844,0.0,0.0
15,MTUS2,42.231358,6.067788,0.0,0.0
15,FSTL4,41.994514,6.809228,0.0,0.0
15,MYT1L,41.829987,4.478743,0.0,0.0
15,LDB2,41.778297,4.123265,0.0,0.0
15,GABRB3,41.75395,4.423994,0.0,0.0
15,PRKCB,41.736286,4.493225,0.0,0.0
15,OPCML,41.525013,3.762673,0.0,0.0
15,FAM155A,41.497837,3.4492931,0.0,0.0
15,PCLO,41.45502,4.5413356,0.0,0.0
15,LRFN5,41.37437,5.1159954,0.0,0.0
15,KSR2,41.23075,4.726191,0.0,0.0
15,LINGO2,41.20559,5.915657,0.0,0.0
15,SYN2,41.1416,4.2962537,0.0,0.0
15,SLC35F3,40.849777,5.6602063,0.0,0.0
15,PPP2R2C,40.73438,4.99994,0.0,0.0
15,NEGR1,40.690987,3.5485845,0.0,0.0
15,TENM2,40.587967,4.5033135,0.0,0.0
15,EFNA5,40.576954,4.8107166,0.0,0.0
15,PTPRD,40.530724,3.0360541,0.0,0.0
15,CELF2,40.53062,2.7123165,0.0,0.0
15,PDE4D,40.529907,3.1266634,0.0,0.0
16,GPC5,37.899982,5.2802114,0.0,0.0
16,ABLIM1,37.099995,4.309459,2.810050734357673e-301,4.740134081251242e-297
16,PRKG1,36.119537,5.023408,1.1195634921590304e-285,1.2590237844989736e-281
16,NRG3,35.334682,3.980245,1.7234501274158908e-273,1.4536009237157476e-269
16,ADGRV1,35.296375,4.227223,6.674375600908366e-273,4.50346819295691e-269
16,OBI1-AS1,34.768417,5.6877255,7.303457692718269e-265,4.1066125363206035e-261
16,TPD52L1,34.50946,6.786578,5.785942181071001e-261,2.7885761623256058e-257
16,MGAT4C,33.33793,4.6307025,1.0898494680721917e-243,4.596031438043941e-240
16,CTNND2,33.272663,2.4326844,9.599529708185735e-243,3.598437041834024e-239
16,LINC00299,33.192688,4.5814247,1.3726066994215183e-241,4.630763221838377e-238
16,DTNA,32.883945,2.5036304,3.72839328458915e-237,1.1434982203834924e-233
16,GABRB1,32.597282,4.157235,4.481445875378305e-233,1.2599211624803156e-229
16,NEBL,32.412487,3.313689,1.8305035099290414e-230,4.750438224190466e-227
16,CARMIL1,32.332798,3.58797,2.4210231227337727e-229,5.834146935119235e-226
16,RANBP3L,32.322777,5.014284,3.348352081408766e-229,7.530890278032503e-226
16,SORBS1,31.83809,2.817119,1.924013770650368e-222,4.0569032862769655e-219
16,PAMR1,31.601007,5.0479956,3.576165688249006e-219,7.097005989673923e-216
16,MACF1,31.468365,1.9188814,2.3541923994868647e-217,4.412410498971575e-214
16,MRVI1,31.150675,5.6457553,4.966340501599951e-213,8.818391026446187e-210
16,SHROOM3,31.080708,4.5418224,4.39043965321759e-212,7.406013129030091e-209
16,COL5A3,30.968819,3.9811156,1.417922769822171e-210,2.2779266897852656e-207
16,PARD3,30.62778,2.601352,5.224024796648541e-206,8.011042025660537e-203
16,RORA,30.467901,2.571979,6.940274462319027e-204,1.0180175631967696e-200
16,FMN2,30.359657,2.5669587,1.8734583191326027e-202,2.63353597135736e-199
16,MAPK4,30.357536,3.4092042,1.9982072058205334e-202,2.6965406601106942e-199
16,TNIK,30.300694,2.4431643,1.1224938937120028e-201,1.4565221727754552e-198
16,AL392086.3,30.140322,4.7055855,1.4364757579993312e-199,1.7949030610230901e-196
16,KCNN3,29.976128,3.5571578,2.0094513809568732e-197,2.4211736156907877e-194
16,MGST1,29.830446,3.54511,1.5743904360691646e-195,1.8315589704022557e-192
16,DPP10,29.461187,4.1331186,9.051844155622476e-191,1.0179402209274516e-187
16,LMO3,29.451885,3.7203526,1.190904033346831e-190,1.296049334613614e-187
16,ACSBG1,29.355774,3.4626164,2.0166335957917827e-189,2.1260989881633557e-186
16,HPSE2,29.338848,7.4904776,3.315812996663561e-189,3.389866153589048e-186
16,ZNRF3,29.298424,3.201254,1.0861802613349383e-188,1.0777783375487298e-185
16,MAP3K5,29.23911,2.7782125,6.176316106345461e-188,5.953439327993622e-185
16,EFNA5,29.216684,3.6895676,1.1905347848368031e-187,1.1156964454455339e-184
16,SFXN5,29.159224,2.802654,6.38231767138621e-187,5.819466250798824e-184
16,PREX2,29.157116,2.8619385,6.787358245644249e-187,6.025923819297369e-184
16,NTRK2,28.926739,2.725202,5.505902512744534e-184,4.762888027499036e-181
16,TRPM3,28.893053,3.6730204,1.4596974511273184e-183,1.2311453227170588e-180
16,AHCYL2,28.751598,2.255197,8.650467872713902e-182,7.118069137115827e-179
16,CACNB2,28.750607,3.0821385,8.900955970200739e-182,7.149798846825296e-179
16,LRIG1,28.694714,2.630541,4.441024741898505e-181,3.4843453887774375e-178
16,FAM189A2,28.638445,3.3335574,2.2329339221065925e-180,1.71210208477523e-177
16,PITPNC1,28.518423,2.4186437,6.923754033891279e-179,5.1908153298086686e-176
16,SPARCL1,28.467266,2.4728444,2.979560754955871e-178,2.1852487215205696e-175
16,SLC1A2,28.457935,3.688033,3.887093571393452e-178,2.790188847193636e-175
16,STON2,28.426792,3.2278476,9.435796046053402e-178,6.631988566785492e-175
16,ITPR2,28.325798,2.3990412,1.663192610976706e-176,1.1451250840106351e-173
16,FBXL7,28.29379,2.3076386,4.1206682583576656e-176,2.780379700644251e-173
17,DSCAM,31.661848,2.266133,5.209641761788107e-220,1.9528631568605038e-216
17,PLP1,31.60441,2.7742088,3.2112614784844344e-219,1.0833832849962936e-215
17,SOX6,30.158073,1.5466621,8.406212475671043e-200,1.2890926831441545e-196
17,FGF12,25.620283,1.7975144,9.067520895154372e-145,1.7381304115899038e-142
17,PCDH15,23.147291,2.2011495,1.5479869959061026e-118,1.2033280479466402e-116
17,NFIB,18.728622,0.70358753,2.893060974445633e-78,7.566139387199406e-77
17,DLGAP1,18.46331,1.1113421,4.075735449240744e-76,1.0170346660579509e-74
17,SPARCL1,17.13608,1.2852049,7.98566847377843e-66,1.5810592564545945e-64
17,MALAT1,16.911327,0.27254114,3.7125139222391314e-64,7.092247009885707e-63
17,GPM6A,16.454866,0.6454609,7.739203461906251e-61,1.3620109921457028e-59
17,DPP10,14.6790495,1.6316053,8.781226022016607e-49,1.1916823101559703e-47
17,NTRK2,14.470713,1.1616704,1.855405442278005e-47,2.4432401797866142e-46
17,GRIA4,14.298508,0.87949413,2.2355105025826128e-46,2.8689689114103225e-45
17,SLC44A1,14.150211,1.0765454,1.8619733810131845e-45,2.3518306235582854e-44
17,CSMD1,13.934843,0.9869545,3.890534651038409e-44,4.774644144128149e-43
17,CNTNAP2,13.807172,1.7191494,2.3071248628971053e-43,2.7858078561044962e-42
17,KCNIP4,13.6982155,1.2648885,1.0404986179583905e-42,1.2364671318796132e-41
17,MMP16,13.636208,0.849818,2.4391830134301067e-42,2.8712741564581815e-41
17,GRID2,11.761163,0.8196234,6.187601938850341e-32,5.711385132995732e-31
17,MT-ATP6,9.692345,0.20950833,3.2498194882764564e-22,2.3402168639484057e-21
17,LUZP2,9.441626,1.1065078,3.670409750777354e-21,2.5600292280747482e-20
17,GALNT13,8.861868,0.5688092,7.86847175976264e-19,5.103992150723172e-18
17,ALCAM,8.658704,0.6742331,4.771592882908034e-18,3.019681656174608e-17
17,ATRNL1,8.3749075,0.78331333,5.5267103061658136e-17,3.362572147865032e-16
17,GRIK2,7.70658,0.41474226,1.2923430100052831e-14,7.246098741656679e-14
17,AC112487.1,6.967791,3.1610703,3.219560082960284e-12,1.6509849296067958e-11
17,SYT1,6.084051,1.0776228,1.17183118577389e-09,5.361278643131777e-09
17,RYR2,5.9277506,1.8679408,3.0711203375241284e-09,1.3796323146078768e-08
17,MIR99AHG,5.8776836,0.04371872,4.160474000381933e-09,1.859098163587884e-08
17,CADM2,5.1168647,0.0071975463,3.1065605507521413e-07,1.259385163430966e-06
17,SNHG14,5.063566,0.108017564,4.114856007531503e-07,1.6569932815241146e-06
17,NRG3,4.9928484,0.64417386,5.949518882482358e-07,2.3734056821367777e-06
17,AC009041.2,4.795501,1.2226425,1.6226876124132643e-06,6.316443057573128e-06
17,CLASP2,4.442539,0.078706026,8.890348388458014e-06,3.306876334965909e-05
17,CALCRL,4.3113117,0.8059146,1.622887673199175e-05,5.938325534785311e-05
17,CNTN1,4.1988893,0.58425725,2.6822761826090105e-05,9.678283590660982e-05
17,MAP2,4.1019726,-0.048852194,4.096428504668148e-05,0.0001456435962293
17,KHDRBS2,4.0595865,1.4433364,4.91597070901614e-05,0.0001736468472516
17,ITM2C,3.745839,1.6449463,0.0001797917527544,0.0006103475913341
17,PTGDS,3.3293054,1.2976027,0.0008706288749489,0.0027872847176079
17,APOD,3.3074121,2.0225606,0.0009416222144416,0.0030040197303658
17,MT-CO3,3.071783,-0.16950405,0.0021278422542992,0.0065594859405422
17,CDH20,2.9484344,0.36840546,0.003193878968719,0.0096534576928573
17,PCDH11X,2.6590497,1.0221411,0.0078361406782637,0.0226633414541433
17,LINGO2,2.2762356,1.4818053,0.0228319117499308,0.062300243182418
17,CLU,2.1980674,0.36440414,0.0279443025334537,0.075294060743641
17,MT-ND3,1.8639197,-0.03683223,0.0623329708269647,0.1585918127292088
17,RARRES2,1.7979492,2.1919394,0.0721850638956889,0.1816580263053005
17,B2M,1.7887752,0.81694067,0.073651032367732,0.1848645844051913
17,PCDH11Y,1.7064283,1.2243613,0.0879283644707194,0.2172260714813022
18,UACA,22.70503,5.268369,3.995637484738271e-114,1.3480082182261506e-109
18,EBF1,21.729725,7.2466903,1.0744334554825781e-104,1.8124080743807869e-100
18,RBMS3,21.683256,3.966618,2.9523583175402344e-104,3.3030574152347345e-100
18,DLC1,21.67025,5.044087,3.916243193211885e-104,3.3030574152347345e-100
18,COBLL1,20.690908,4.7209806,4.182632077668465e-95,2.82218916808602e-91
18,RBPMS,20.58933,4.995232,3.420662629022188e-94,1.923381585255359e-90
18,COL4A1,19.883657,4.8100367,5.637002493141506e-88,2.7167936158730714e-84
18,LAMA2,19.788197,4.7078824,3.762683691232678e-87,1.5867707461389609e-83
18,PTEN,19.718733,3.5762742,1.4891441131386064e-86,5.582139438328574e-83
18,COL4A2,19.196562,4.18881,3.9542165010658426e-82,1.3340340209645836e-78
18,NR2F2-AS1,18.904684,4.6070147,1.0436098448014938e-79,3.2007513940061806e-76
18,PRKG1,18.851162,5.5347776,2.8746201057473003e-79,8.081754875633056e-76
18,LHFPL6,18.791227,3.1138015,8.909374057881978e-79,2.3121196353135715e-75
18,LAMA4,18.614227,3.6287148,2.463847667030936e-77,5.937344910187334e-74
18,AC092957.1,18.514765,8.404561,1.5697869195831467e-76,3.530660087065108e-73
18,CALD1,17.471663,3.0368505,2.355329987191967e-68,4.966360486118462e-65
18,PARD3,17.40828,2.5529168,7.139661172265559e-68,1.4168867586395481e-64
18,MYO1B,17.168352,5.88435,4.5824533187768975e-66,8.588790423087565e-63
18,ITGA1,17.062998,5.779222,2.798152451252888e-65,4.9684878551536165e-62
18,NID1,16.98402,4.2835736,1.0783998259883753e-64,1.819098746468491e-61
18,LINC02147,16.931076,7.7882094,2.6548333777004387e-64,4.265053031594272e-61
18,ARHGAP29,16.91203,4.3626738,3.6685831006742614e-64,5.6257721848839786e-61
18,FN1,16.829056,3.6552196,1.4946697330228202e-63,2.192420555782212e-60
18,SVIL,16.768633,4.2207747,4.139276140624806e-63,5.685638590929649e-60
18,COL1A2,16.76758,5.0554013,4.2132070063503355e-63,5.685638590929649e-60
18,TACC1,16.681139,2.9382482,1.7976142062009529e-62,2.2461522398000574e-59
18,IGFBP7,16.67045,3.8243237,2.149703105088971e-62,2.590161916299522e-59
18,GRK5,16.61423,4.181104,5.497627498655904e-62,6.395636514557043e-59
18,ARHGAP10,16.427979,3.4674437,1.206126568020555e-60,1.3563697341769825e-57
18,EPS8,16.416243,2.8661995,1.4635567114571792e-60,1.5927746056268018e-57
18,UTRN,16.26552,2.5492148,1.7338653414186181e-59,1.827981719482497e-56
18,COL18A1,16.089052,4.205147,3.0446072072341722e-58,3.112603434862402e-55
18,TPM1,16.05184,3.555457,5.5494424825091e-58,5.5065159127179256e-55
18,ARHGAP42,15.894045,2.916926,6.968232447396505e-57,6.71677880222331e-54
18,PDGFRB,15.781782,5.354044,4.152948278914962e-56,3.891889335715391e-53
18,CARMN,15.72106,9.263704,1.0849297487352835e-55,9.892506738670882e-53
18,DCN,15.648592,8.140211,3.396532206034171e-55,3.0154949219730226e-52
18,RORA,15.462502,2.2393148,6.213763249528075e-54,5.375223865367402e-51
18,APBB2,15.189975,2.4564955,4.120803303535134e-52,3.233105605845693e-49
18,SLC38A11,14.918508,6.873309,2.497994748506354e-50,1.872774418452419e-47
18,CACNA1C,14.864115,2.794375,5.6354582236856665e-50,4.133118567227897e-47
18,ZFHX3,14.821654,2.5174794,1.061372434275517e-49,7.618621662798534e-47
18,PLXDC1,14.7059965,5.1019406,5.8996188298991075e-49,4.146571676339713e-46
18,PPFIBP1,14.582346,2.4251502,3.6379638433979086e-48,2.454679723694305e-45
18,LAMB1,14.494902,3.5788915,1.3048960106923415e-47,8.632015041711281e-45
18,FOXP1,14.468554,2.0253294,1.9145522452183869e-47,1.2421394057102445e-44
18,LAMC3,14.246758,7.631515,4.6957977502206825e-46,2.880402339985366e-43
18,NR2F1-AS1,13.999912,2.1897278,1.5606241207374344e-44,9.236978238827864e-42
18,ST5,13.876393,2.4908242,8.80649682403888e-44,4.951746389209995e-41
18,ZEB1,13.851543,1.785052,1.2450799825523973e-43,6.886108749404954e-41
19,TMSB4X,58.74687,3.2788007,0.0,0.0
19,ACTB,56.478706,2.699175,0.0,0.0
19,CLU,55.456207,2.6936324,0.0,0.0
19,MT-CO3,48.915527,1.6118929,0.0,0.0
19,CALM1,47.70359,3.5105755,0.0,0.0
19,MT-CO2,45.997704,1.5185033,0.0,0.0
19,CST3,45.647606,3.1447144,0.0,0.0
19,HSP90AA1,40.68851,2.4074285,0.0,0.0
19,SPARCL1,37.267982,2.1106262,5.418954364894041e-304,6.176326466501024e-302
19,SYT1,34.280766,2.7390075,1.5184716137910037e-257,1.0606351311483869e-255
19,SNAP25,32.976505,3.3315523,1.7644420612346982e-238,1.0498585858884483e-236
19,ATP1B1,31.966135,3.428531,3.224233991668713e-224,1.713007593337439e-222
19,EEF1A1,31.457272,1.847162,3.3385753938706817e-217,1.6588146990134783e-215
19,MT-CYB,30.30283,1.0614157,1.0520283524230714e-201,4.5155573187909876e-200
19,PRNP,30.063934,2.9161725,1.4355842318594564e-198,5.964569609635775e-197
19,MT3,30.02014,2.9556956,5.358635402032819e-198,2.215493658803692e-196
19,APOE,29.637295,1.8379674,4.944746640332808e-193,1.9442997366539388e-191
19,TMSB10,29.589655,2.6916199,2.0302270712959208e-192,7.945913074745995e-191
19,CKB,28.99777,2.525976,7.019595247709721e-185,2.527428867363744e-183
19,SCG2,28.962196,3.5128577,1.9704751625155306e-184,7.0571040931832755e-183
19,OLFM1,28.327797,3.7674346,1.5715285622965495e-176,5.228664606133992e-175
19,CPSF6,28.012272,1.5919335,1.1516898492775603e-172,3.67940913305654e-171
19,MT-ATP6,27.767477,0.8343124,1.072027607628795e-169,3.311995915620206e-168
19,IDS,27.471367,2.8008847,3.8608019895302856e-166,1.153692442168142e-164
19,MT-ND4,26.692118,0.927358,5.810827533546737e-157,1.587367518212683e-155
19,GNAS,26.021305,1.7712897,2.842879187494184e-149,7.23304789958456e-148
19,CCT2,25.605986,1.7571273,1.3084547234336622e-144,3.1666669300201913e-143
19,CALM3,25.565956,3.6901364,3.649587529593063e-144,8.7634259420556e-143
19,GAPDH,25.510609,2.363115,1.5033482826372836e-143,3.589416915168722e-142
19,VSNL1,25.339783,4.6609387,1.164710155164301e-141,2.7306342254883963e-140
19,YWHAB,25.325687,2.8575497,1.6654733686660057e-141,3.899241848624916e-140
19,MAP1B,25.293741,1.7290618,3.7430613018419406e-141,8.739076757110142e-140
19,RTN3,24.891283,1.8470491,9.24652677598916e-137,2.078281637851741e-135
19,ENC1,24.680498,3.5550885,1.7323202352312998e-134,3.807380311139958e-133
19,NORAD,24.669258,2.628122,2.287111023665269e-134,5.0169222760334966e-133
19,CREG2,24.12076,5.036449,1.5140657103376851e-128,3.12798743843616e-127
19,VGF,23.865568,4.0161,6.98013307914443e-126,1.4025536014955069e-124
19,FTH1,23.845045,1.8224926,1.1398665500384539e-125,2.2876667340063843e-124
19,NRGN,23.772896,5.045635,6.371073232049205e-125,1.268836467707462e-123
19,YWHAH,23.604134,3.2500591,3.495171460916181e-123,6.823877290331553e-122
19,AC105402.3,22.820684,2.3042264,2.8579712498851872e-115,5.231653611360638e-114
19,ATP6V0C,22.630266,3.2085006,2.1828294333497238e-113,3.935976301064652e-112
19,TUBA1B,22.154161,2.4762142,9.511461191621804e-109,1.6481159025256538e-107
19,HSP90AB1,22.07012,2.3046334,6.122952836722229e-108,1.0517823821410276e-106
19,CCK,21.775946,5.2045393,3.922880807161657e-105,6.51951870892674e-104
19,CALM2,21.490034,1.6203201,1.9297175398522564e-102,3.095714723822899e-101
19,GABRA1,21.357502,4.9448543,3.3210737124460436e-101,5.257769302524269e-100
19,PEBP1,21.241848,2.4724703,3.9215434852151697e-100,6.142112932251818e-99
19,YWHAG,21.143026,2.3542054,3.19896017632109e-99,4.959711372635322e-98
19,ARPP19,20.525248,2.8012588,1.2810778926289957e-93,1.876670641060548e-92
20,CA10,76.34912,4.4632955,0.0,0.0
20,DSCAM,74.65155,3.6372797,0.0,0.0
20,GRID2,73.88764,3.1974158,0.0,0.0
20,NRXN1,70.258385,2.6262393,0.0,0.0
20,FGF14,69.32022,3.0709538,0.0,0.0
20,CSMD1,69.01416,3.1344965,0.0,0.0
20,MMP16,67.44386,2.6541588,0.0,0.0
20,FGF12,67.005066,2.9786258,0.0,0.0
20,LRRC4C,65.16023,2.6466873,0.0,0.0
20,PDE4B,63.922585,2.0310624,0.0,0.0
20,TNR,62.899082,2.9889636,0.0,0.0
20,ZNF804B,62.613403,3.8308835,0.0,0.0
20,RIMS2,62.41638,2.6619623,0.0,0.0
20,FAM155A,61.431446,2.714458,0.0,0.0
20,SOX6,61.23593,2.1933942,0.0,0.0
20,KAZN,61.201267,2.4264178,0.0,0.0
20,NLGN1,60.78795,1.7361501,0.0,0.0
20,CDH20,59.92534,2.618415,0.0,0.0
20,PHLPP1,59.566547,1.9975486,0.0,0.0
20,PTPRD,59.56262,2.20857,0.0,0.0
20,GALNT13,59.52018,2.5191367,0.0,0.0
20,SOX2-OT,59.44004,2.1642807,0.0,0.0
20,PCDH15,59.236637,2.9260957,0.0,0.0
20,ADGRL3,59.22697,1.8932894,0.0,0.0
20,CNTN1,58.620026,2.5642,0.0,0.0
20,CHST9,57.213554,2.6779282,0.0,0.0
20,GRIA2,56.672184,1.9581321,0.0,0.0
20,LHFPL3,56.41439,2.2991028,0.0,0.0
20,PDGFRA,56.384537,2.981649,0.0,0.0
20,NCAM1,56.13225,1.7113328,0.0,0.0
20,OPCML,55.80001,2.6316497,0.0,0.0
20,NFIB,55.083485,1.7435718,0.0,0.0
20,DLGAP1,54.083157,2.22531,0.0,0.0
20,MAML2,53.614227,1.6688362,0.0,0.0
20,BRINP3,53.435863,2.227095,0.0,0.0
20,NETO1,52.968315,3.2126048,0.0,0.0
20,LSAMP,52.686226,1.5309767,0.0,0.0
20,GPM6A,52.57557,1.7124239,0.0,0.0
20,CSMD3,52.27006,2.3313687,0.0,0.0
20,GRIA4,51.726032,1.9556482,0.0,0.0
20,ALCAM,51.427467,2.054067,0.0,0.0
20,DPP10,51.016376,2.4972024,0.0,0.0
20,MARCH1,50.44728,1.973561,0.0,0.0
20,SNTG1,50.437035,2.0088692,0.0,0.0
20,SH3D19,50.069637,2.0019052,0.0,0.0
20,MAP2,49.6026,1.5859276,0.0,0.0
20,LUZP2,49.37198,2.414745,0.0,0.0
20,CACNA1A,49.110153,2.3240497,0.0,0.0
20,NEGR1,49.092236,2.18913,0.0,0.0
20,SLC2A13,49.036186,2.1001992,0.0,0.0
21,NAMPT,115.06387,3.6872947,0.0,0.0
21,SOD2,111.44887,3.4485161,0.0,0.0
21,RNF19A,109.31635,3.1952908,0.0,0.0
21,MIR99AHG,103.70004,2.01517,0.0,0.0
21,GLIS3,89.40756,2.2859395,0.0,0.0
21,GFAP,86.823685,2.773978,0.0,0.0
21,PLEKHA5,83.87285,2.5381927,0.0,0.0
21,RALYL,83.086044,3.1548107,0.0,0.0
21,SLIT2,81.42108,3.4659941,0.0,0.0
21,AC083837.1,80.77866,4.44234,0.0,0.0
21,FAM155A,79.06464,2.2549741,0.0,0.0
21,GRID2,75.5415,2.1304562,0.0,0.0
21,EHBP1,75.45415,1.7827247,0.0,0.0
21,CADPS,75.107735,2.0107944,0.0,0.0
21,RUNX1,74.74931,2.6468709,0.0,0.0
21,LPAR1,74.58765,3.0773811,0.0,0.0
21,ADCY2,74.281425,2.7660913,0.0,0.0
21,LRRC4C,73.92639,1.8793445,0.0,0.0
21,LINC01088,71.89881,3.408775,0.0,0.0
21,MPDZ,71.892265,1.9206961,0.0,0.0
21,KAZN,71.67296,1.8154615,0.0,0.0
21,NRG3,69.75642,2.19022,0.0,0.0
21,SOX6,68.56655,1.5459598,0.0,0.0
21,CCSER1,68.06915,2.5694032,0.0,0.0
21,EPB41L3,66.78411,2.5764234,0.0,0.0
21,APP,65.547874,1.290512,0.0,0.0
21,ATRNL1,63.81793,1.7601014,0.0,0.0
21,FRMD5,63.476723,1.6594622,0.0,0.0
21,VMP1,63.380733,1.6037096,0.0,0.0
21,DTNA,62.807785,1.3281242,0.0,0.0
21,ARHGAP24,62.59062,2.0389879,0.0,0.0
21,MARCH1,62.145615,1.6063341,0.0,0.0
21,CD44,62.114964,2.2438254,0.0,0.0
21,VEGFA,62.07805,1.9764217,0.0,0.0
21,DSCAM,61.92897,1.7462381,0.0,0.0
21,ZBTB20,61.698784,0.9997241,0.0,0.0
21,DLG2,61.45005,1.4577247,0.0,0.0
21,CPD,61.365875,2.3115363,0.0,0.0
21,AL078604.4,60.79296,3.1498806,0.0,0.0
21,PRKG1,60.345097,3.0422065,0.0,0.0
21,PTPRD,58.997093,1.364472,0.0,0.0
21,NF1,58.06755,0.9758587,0.0,0.0
21,CFAP54,57.018288,3.1204252,0.0,0.0
21,NRG1,56.93117,2.5597668,0.0,0.0
21,GPC6,56.84294,1.7344053,0.0,0.0
21,NFIB,56.84257,1.1656474,0.0,0.0
21,KDM4C,56.79093,1.3375826,0.0,0.0
21,GALNT13,55.32519,1.4722577,0.0,0.0
21,MED13L,55.065598,0.93070793,0.0,0.0
21,ROBO2,54.207596,1.3108591,0.0,0.0
22,TNRC6B,53.120926,4.247789,0.0,0.0
22,NBAS,52.899265,4.4079313,0.0,0.0
22,CPSF6,52.32378,5.3463163,0.0,0.0
22,DDX1,51.04834,4.6561565,0.0,0.0
22,FIRRE,50.587467,4.3151026,0.0,0.0
22,CASC15,49.408176,4.151933,0.0,0.0
22,MYT1L,49.079086,5.1742754,0.0,0.0
22,NUP107,48.90901,4.1534405,0.0,0.0
22,CCT2,48.726955,4.5823965,0.0,0.0
22,FRS2,48.49641,4.3024936,0.0,0.0
22,YEATS4,47.81282,4.0713563,0.0,0.0
22,DCX,47.453293,4.1209354,0.0,0.0
22,OS9,47.283558,3.8300214,0.0,0.0
22,AVIL,46.91529,3.6791923,0.0,0.0
22,SOX11,46.37813,3.8688102,0.0,0.0
22,PAK3,46.04384,3.6838713,0.0,0.0
22,SOX4,45.78153,3.5723655,0.0,0.0
22,RMST,45.27263,3.9322612,0.0,0.0
22,AUTS2,45.1249,2.3985362,0.0,0.0
22,TCF4,45.059185,2.0639741,0.0,0.0
22,NFIA,44.777653,2.6019616,0.0,0.0
22,PTPRS,44.057068,2.9722898,0.0,0.0
22,SETBP1,43.17676,2.8022323,0.0,0.0
22,NEDD4L,42.994938,3.170936,0.0,0.0
22,LINC02144,42.84868,5.9157963,0.0,0.0
22,AEBP2,42.589752,2.7579858,0.0,0.0
22,CTDSP2,42.564865,3.19444,0.0,0.0
22,AC024901.1,41.966217,3.8850024,0.0,0.0
22,NYAP2,41.919754,4.9836416,0.0,0.0
22,KIAA1211,41.883163,2.9940555,0.0,0.0
22,THSD7A,41.876488,3.0271273,0.0,0.0
22,LINC00461,41.80758,2.57525,0.0,0.0
22,MIAT,41.684654,3.3666189,0.0,0.0
22,MYCN,41.49735,4.1483364,0.0,0.0
22,MAML3,40.534,3.7173352,0.0,0.0
22,BCL11A,40.40396,3.813456,0.0,0.0
22,TSPAN31,40.33515,2.8214638,0.0,0.0
22,TSFM,40.247467,2.7949944,0.0,0.0
22,PAK5,40.0539,3.4485784,0.0,0.0
22,SLC35E3,39.953316,3.1554787,0.0,0.0
22,ROBO2,39.27116,2.5855155,0.0,0.0
22,MEIS2,38.788887,3.2889268,0.0,0.0
22,LINC01551,38.739994,3.369759,0.0,0.0
22,HECW1,38.73453,3.2271106,0.0,0.0
22,ELAVL2,38.61073,3.642849,0.0,0.0
22,PTPRN2,38.600113,2.6574242,0.0,0.0
22,ELAVL4,38.251354,3.211527,0.0,0.0
22,FNBP1L,38.18918,2.574472,0.0,0.0
22,FTX,38.157883,1.4059803,0.0,0.0
22,NFIB,38.107975,1.963169,0.0,0.0
23,MIR99AHG,58.514034,2.891261,0.0,0.0
23,AQP4-AS1,52.52315,3.6739156,0.0,0.0
23,LUZP2,51.730137,3.7280564,0.0,0.0
23,GINS3,49.95281,3.9689882,0.0,0.0
23,GFAP,48.908897,3.289822,0.0,0.0
23,ID4,48.58581,3.5815656,0.0,0.0
23,ANKFN1,48.304573,2.8435044,0.0,0.0
23,NKAIN3,48.0481,3.1848187,0.0,0.0
23,AC083864.5,48.00211,5.831476,0.0,0.0
23,OPHN1,47.965855,2.816355,0.0,0.0
23,NFIB,46.874573,2.108364,0.0,0.0
23,RBMS3,45.732983,2.8328469,0.0,0.0
23,CHST9,44.967308,2.8627408,0.0,0.0
23,PCDH15,44.853176,3.0081956,0.0,0.0
23,CADPS,44.470512,2.698922,0.0,0.0
23,ENAH,44.33751,2.4400141,0.0,0.0
23,NRG3,43.832554,3.022855,0.0,0.0
23,AL136366.1,43.684624,3.1221201,0.0,0.0
23,LRIG1,43.091156,2.7145998,0.0,0.0
23,CDH20,42.70252,2.6364167,0.0,0.0
23,LSS,42.514454,2.8378103,0.0,0.0
23,ANOS1,42.272762,3.2415674,0.0,0.0
23,GALNT15,41.856407,3.488755,0.0,0.0
23,AC007319.1,41.755955,2.91961,0.0,0.0
23,PCDH11Y,41.67864,4.1240005,0.0,0.0
23,DPP10,41.434624,2.770539,0.0,0.0
23,AL450345.2,41.39718,3.3367248,0.0,0.0
23,LINC02223,41.19165,3.4887264,0.0,0.0
23,ADCY2,41.11555,2.9439354,0.0,0.0
23,NTRK2,41.0283,2.4888487,0.0,0.0
23,ID3,40.74367,3.6206133,0.0,0.0
23,GRID2,40.491783,2.5769844,0.0,0.0
23,DLG2,40.133488,2.2062175,0.0,0.0
23,HES4,40.129433,3.2445776,0.0,0.0
23,AC023095.1,39.97092,3.4626505,0.0,0.0
23,NEBL,39.87123,2.4555283,0.0,0.0
23,ASTN2,39.854507,2.1826696,0.0,0.0
23,AP000688.1,39.59034,4.1098175,0.0,0.0
23,RUNX1,39.562084,2.714256,0.0,0.0
23,EEPD1,39.532646,2.7602184,0.0,0.0
23,AC002429.2,39.26457,3.352134,0.0,0.0
23,KCNT2,38.757713,2.226082,0.0,0.0
23,FRY,38.677155,2.1753776,0.0,0.0
23,ARHGEF3,38.657444,2.1534116,0.0,0.0
23,OBI1-AS1,38.53471,4.039614,0.0,0.0
23,DOK6,38.46309,2.7956908,0.0,0.0
23,ROBO2,38.3593,2.1378644,0.0,0.0
23,FAM135B,38.328335,2.5518608,0.0,0.0
23,SPARCL1,38.268085,2.0608096,0.0,0.0
23,MPDZ,38.21114,2.0101101,0.0,0.0
24,CCT2,76.63131,5.2362,0.0,0.0
24,EEF1A1,73.099815,4.1277285,0.0,0.0
24,CPSF6,72.68373,4.894294,0.0,0.0
24,RPL39,71.20358,4.8285484,0.0,0.0
24,RPLP1,66.32225,4.382127,0.0,0.0
24,RPS19,66.11347,4.265026,0.0,0.0
24,TMSB4X,62.669044,3.5508423,0.0,0.0
24,RPL10,62.35359,4.0650806,0.0,0.0
24,OS9,61.995625,3.987554,0.0,0.0
24,RPS18,61.92895,4.305139,0.0,0.0
24,CDK4,61.51476,3.478332,0.0,0.0
24,FRS2,60.43294,3.6306117,0.0,0.0
24,NUP107,59.684044,3.4671383,0.0,0.0
24,RPL13,59.514843,3.760852,0.0,0.0
24,RPS4X,58.715893,4.5050755,0.0,0.0
24,RPL18,57.99688,4.0597095,0.0,0.0
24,DDX1,57.71777,4.106366,0.0,0.0
24,RPS2,57.33382,3.8235028,0.0,0.0
24,ACTB,56.756447,2.7231214,0.0,0.0
24,RPS15,55.634777,3.9604497,0.0,0.0
24,RPS21,55.23143,4.422922,0.0,0.0
24,NBAS,55.160667,2.8353996,0.0,0.0
24,MT-CO3,54.720657,1.949096,0.0,0.0
24,RPL13A,54.27399,4.0408483,0.0,0.0
24,RPS23,53.877327,4.215354,0.0,0.0
24,RPL36A,53.347706,4.10194,0.0,0.0
24,RPL36,53.303112,3.9701293,0.0,0.0
24,RPS11,52.842587,4.0600615,0.0,0.0
24,RPS28,51.933807,3.5828118,0.0,0.0
24,RPL37A,49.405483,3.2777731,0.0,0.0
24,RPL34,47.824814,3.5432966,0.0,0.0
24,RPL11,47.000607,3.5759375,0.0,0.0
24,RPS14,46.961704,3.7174935,0.0,0.0
24,EEF1G,46.91172,3.831714,0.0,0.0
24,PTN,46.647682,2.0789049,0.0,0.0
24,MT-CYB,46.54499,1.8355578,0.0,0.0
24,RPLP0,45.859947,3.6891503,0.0,0.0
24,RPL18A,45.650135,3.967233,0.0,0.0
24,APOE,45.281437,2.4068465,0.0,0.0
24,MDM2,45.148186,2.2464924,0.0,0.0
24,RPS6,44.73873,3.6761568,0.0,0.0
24,CST3,44.52941,2.968165,0.0,0.0
24,RPL7A,44.52834,3.3369017,0.0,0.0
24,TNRC6B,44.06193,2.0535982,0.0,0.0
24,RPL32,43.967873,3.4949324,0.0,0.0
24,RPL41,42.6176,2.8437495,0.0,0.0
24,TUBA1A,42.466503,2.3789856,0.0,0.0
24,RPL28,42.433247,3.3035889,0.0,0.0
24,MT-CO2,41.89433,1.4547125,0.0,0.0
24,RPL3,41.86468,3.414078,0.0,0.0
25,RGS6,111.26327,6.024021,0.0,0.0
25,RYR3,103.0317,4.7580266,0.0,0.0
25,BEST3,99.41792,4.5262847,0.0,0.0
25,NPAS3,97.505455,2.6349971,0.0,0.0
25,LAMA2,95.983765,4.1132903,0.0,0.0
25,SLC4A4,95.516365,3.750078,0.0,0.0
25,KLHL4,95.27914,3.9026928,0.0,0.0
25,FRS2,93.036644,3.8490539,0.0,0.0
25,ALK,92.3555,3.8608825,0.0,0.0
25,EYA2,92.14205,3.7009056,0.0,0.0
25,PCSK5,92.0773,3.2982602,0.0,0.0
25,CPNE4,91.747154,4.943712,0.0,0.0
25,LINC01727,90.509865,5.7765174,0.0,0.0
25,DGKG,90.38082,3.2573626,0.0,0.0
25,KLHL29,90.37855,4.282217,0.0,0.0
25,SLC1A2,89.82905,3.1426165,0.0,0.0
25,DMD,88.929146,2.8516273,0.0,0.0
25,ELOVL2,88.075615,3.7536292,0.0,0.0
25,VAV3,88.01067,3.500568,0.0,0.0
25,CST3,87.69018,3.2428114,0.0,0.0
25,AC064875.1,87.39417,3.6481762,0.0,0.0
25,TNRC6B,87.370384,2.8011272,0.0,0.0
25,CPSF6,86.68194,3.7631886,0.0,0.0
25,CHL1,86.35059,3.1114545,0.0,0.0
25,ATP13A4,86.235054,3.1920962,0.0,0.0
25,ANKFY1,84.471695,3.2486389,0.0,0.0
25,RORA,82.29714,2.4964287,0.0,0.0
25,UBE2G1,81.774,3.1713028,0.0,0.0
25,PTCHD1-AS,81.72068,3.021047,0.0,0.0
25,CNR1,80.69493,3.0905895,0.0,0.0
25,SLC24A2,80.27558,3.0589457,0.0,0.0
25,ACSL3,80.22391,2.5853384,0.0,0.0
25,GRIA1,80.10927,2.9352422,0.0,0.0
25,ADAMTS9,79.65991,3.04363,0.0,0.0
25,ZHX3,79.59265,2.4316738,0.0,0.0
25,DCC,79.43189,2.9840822,0.0,0.0
25,PCDH9,79.26494,2.5110712,0.0,0.0
25,CCT2,79.14859,3.0793006,0.0,0.0
25,GPM6B,79.07801,2.0039532,0.0,0.0
25,SPON1,78.327835,2.882813,0.0,0.0
25,AL589740.1,78.2813,2.7824254,0.0,0.0
25,MSI2,78.03924,1.9813789,0.0,0.0
25,C1orf21,77.89915,2.4511876,0.0,0.0
25,CDH4,77.87344,2.9265525,0.0,0.0
25,IGFBP7,77.84037,3.324863,0.0,0.0
25,OS9,77.36192,2.6856737,0.0,0.0
25,MID1,77.292786,2.6389802,0.0,0.0
25,RNF180,77.23579,2.5858622,0.0,0.0
25,NUP107,76.71192,2.7853255,0.0,0.0
25,HIVEP3,76.36417,2.816069,0.0,0.0
26,DSCAM,76.4724,4.984743,0.0,0.0
26,SOX6,74.91768,3.6661885,0.0,0.0
26,PCDH15,74.52228,4.940779,0.0,0.0
26,FGF12,71.28355,4.3801966,0.0,0.0
26,GRIA4,70.43974,3.4142413,0.0,0.0
26,NFIB,67.809715,2.5934763,0.0,0.0
26,CDH20,67.47161,3.5631747,0.0,0.0
26,MMP16,66.31941,3.2343378,0.0,0.0
26,DLGAP1,65.1998,3.6180766,0.0,0.0
26,AC009041.2,64.83291,4.1979837,0.0,0.0
26,MAML2,64.38431,2.5040586,0.0,0.0
26,GALNT13,63.634632,3.237734,0.0,0.0
26,GPM6A,62.134933,2.2956889,0.0,0.0
26,LUZP2,61.652355,3.5944924,0.0,0.0
26,MIR181A2HG,61.421055,3.3577018,0.0,0.0
26,FERMT1,61.38281,4.058318,0.0,0.0
26,CALCRL,60.431618,3.120883,0.0,0.0
26,TNR,60.169304,3.3786857,0.0,0.0
26,MEGF11,60.139084,3.675705,0.0,0.0
26,DPP10,59.685616,3.3199024,0.0,0.0
26,ALCAM,58.94175,2.7396238,0.0,0.0
26,SH3D19,58.221092,2.6306686,0.0,0.0
26,GRID2,58.102547,2.9791336,0.0,0.0
26,CSMD1,58.061546,3.1230466,0.0,0.0
26,C2orf27A,57.946777,3.2283156,0.0,0.0
26,MAP2,57.905792,2.1935449,0.0,0.0
26,AC007319.1,57.351654,3.474528,0.0,0.0
26,CHST9,56.783813,3.0078688,0.0,0.0
26,TNK2,56.486362,3.2741225,0.0,0.0
26,GRIK2,56.481598,2.4799821,0.0,0.0
26,PCDH11X,56.284645,3.846882,0.0,0.0
26,TNS3,56.141018,3.1687539,0.0,0.0
26,PLAAT1,56.113983,3.7360852,0.0,0.0
26,NCAM1,55.982697,1.9726336,0.0,0.0
26,CTTNBP2,55.907734,2.450359,0.0,0.0
26,DOK6,55.70785,3.1492937,0.0,0.0
26,AL353784.1,55.282516,5.1167216,0.0,0.0
26,LRRN1,55.242348,2.988435,0.0,0.0
26,UST,54.9427,2.5071404,0.0,0.0
26,PHLPP1,54.823353,2.1632338,0.0,0.0
26,DSCAML1,54.7844,2.9259756,0.0,0.0
26,CLASP2,54.705784,1.9541378,0.0,0.0
26,PHYHIPL,54.504475,2.6455185,0.0,0.0
26,AL136366.1,54.436867,3.1329675,0.0,0.0
26,UNC80,54.097572,2.5255036,0.0,0.0
26,AQP4-AS1,53.85095,2.9918637,0.0,0.0
26,SERINC5,53.03635,2.7565403,0.0,0.0
26,SLC44A1,52.829845,2.3359518,0.0,0.0
26,AC104041.1,52.759785,4.5586615,0.0,0.0
26,VIPR2,52.69842,3.5327115,0.0,0.0
27,LRRC4C,23.941675,4.010121,1.1282326574618524e-126,3.8063185164790517e-122
27,ADARB2,22.852133,5.7270293,1.391724048392064e-115,2.3476297110301533e-111
27,GRM7,22.590467,4.985137,5.377595463383927e-113,6.047464604939453e-109
27,LRRC7,22.383419,4.524191,5.709454697650533e-111,4.8154968283659e-107
27,PCDH15,22.351625,4.540712,1.164263269693969e-110,7.855749985933085e-107
27,LRP1B,22.143751,2.550434,1.1983818173967298e-108,6.7383012289189124e-105
27,KCNMB2,21.265339,4.1100454,2.3777067677425773e-100,1.145952760333305e-96
27,TNR,21.018288,4.180819,4.462455141793774e-98,1.8818731139837064e-94
27,KCND2,20.970543,3.6747448,1.2186611822168616e-97,4.568219144938917e-94
27,NTM,20.907633,3.087276,4.5631417824400654e-97,1.539467143141805e-93
27,KCNMA1,20.729946,3.1784875,1.8600081847860604e-95,5.704645102738848e-92
27,FGF14,20.706139,3.4155226,3.0494883518139816e-95,8.573382377095691e-92
27,CSMD3,20.557428,3.3959992,6.604066495412268e-94,1.7138568565824899e-90
27,OPCML,20.404549,3.7509496,1.523593194303498e-92,3.671533114015508e-89
27,CA10,20.38366,4.1806555,2.3352876005099527e-92,5.252373185226952e-89
27,SLC35F1,20.086565,2.842872,9.67260524659821e-90,2.039529270028024e-86
27,LUZP2,20.00912,3.6082222,4.5866652101544096e-89,9.102372011469373e-86
27,XYLT1,19.980333,3.7848248,8.167560825514188e-89,1.5308277753909563e-85
27,CSMD1,19.934538,3.3681147,2.041838411326743e-88,3.625552762259491e-85
27,POU6F2,19.796366,6.1591887,3.1995956830144184e-87,5.397237977892872e-84
27,NCAM2,19.710896,2.7419157,1.738620661919902e-86,2.7931354891043685e-83
27,GRIK1,19.3018,3.938431,5.187104432467602e-83,7.954424647189067e-80
27,CHL1,19.245022,3.1670618,1.5539874374434357e-82,2.279429312044748e-79
27,EPN2,19.13318,3.2157168,1.3366240060359559e-81,1.8789035038181268e-78
27,ANKS1B,19.02978,2.9605033,9.665797780590123e-81,1.2568932638262403e-77
27,PCDH9,19.029669,2.688914,9.686464374272239e-81,1.2568932638262403e-77
27,SORCS1,18.862108,3.697917,2.3371348358742408e-79,2.9202932576996016e-76
27,HS6ST3,18.810938,4.0556154,6.144205474434255e-79,7.403109288963874e-76
27,MEGF11,18.716202,3.7929268,3.6529262601795073e-78,4.2496128703336566e-75
27,ATRNL1,18.71188,2.8604844,3.96153382628556e-78,4.455008889913198e-75
27,MDGA2,18.69296,2.941743,5.648999769766276e-78,6.147751781696931e-75
27,AC004852.2,18.677547,3.3856192,7.540547245919502e-78,7.94985757611207e-75
27,SGCD,18.387522,3.4884446,1.6537098561788462e-75,1.6906427096335073e-72
27,PTPRT,18.38091,3.636844,1.868084283388756e-75,1.85363410202019e-72
27,KIF13A,18.359442,2.5864525,2.7744164666517433e-75,2.674299666726568e-72
27,AGAP1,18.295292,2.3038368,9.021793451719845e-75,8.454673491129788e-72
27,NRXN1,18.245037,2.4369988,2.265850979396667e-74,2.0660274187001445e-71
27,SMOC1,18.04954,3.4152238,7.955069458029966e-73,7.062636271198867e-70
27,DSCAM,18.010178,3.1905315,1.6210797252317989e-72,1.4023170946191075e-69
27,TMEM132D,17.924051,4.58965,7.654502111206843e-72,6.455998443144631e-69
27,KAT2B,17.732803,2.4240406,2.3406943572877336e-70,1.9260489154101527e-67
27,LHFPL3,17.657457,2.6579552,8.91677462878822e-70,7.162505372653051e-67
27,TMEM132C,17.642616,3.2251885,1.1596649314662053e-69,9.098515300668688e-67
27,APBB2,17.529016,2.4426458,8.604534084840457e-69,6.597526509551422e-66
27,GRM5,17.497372,3.1938183,1.500346212618483e-68,1.12482622611355e-65
27,LRRTM4,17.355167,2.778582,1.8027452476889783e-67,1.3221568787235451e-64
27,VCAN,17.34438,2.4907026,2.1751193584148283e-67,1.561319187124278e-64
27,KCNMB2-AS1,17.300133,3.0162446,4.693036502535521e-67,3.2985202601258523e-64
27,RORA,17.258419,2.3271675,9.672404293694996e-67,6.659549054212002e-64
27,FAM155A,17.191454,2.7643154,3.0772147390397815e-66,2.076319873019702e-63
